date,mine_id,section,machine_id,machine_type,scheduled_hours,downtime_hours,operating_hours
2026-06-01,Mine A,North Block,EX-01,Hydraulic Excavator,20.0,0.6,19.4
2026-06-01,Mine A,North Block,EX-02,Hydraulic Excavator,20.0,3.6,16.4
2026-06-01,Mine A,North Block,DT-101,Dump Truck (60T),20.0,0.4,19.6
2026-06-01,Mine A,North Block,DT-102,Dump Truck (60T),20.0,1.4,18.6
2026-06-01,Mine A,North Block,DT-103,Dump Truck (60T),20.0,0.4,19.6
2026-06-01,Mine A,North Block,DR-01,Rotary Blast Drill,20.0,0.5,19.5
2026-06-01,Mine A,North Block,WL-01,Wheel Loader,20.0,2.6,17.4
2026-06-01,Mine A,South Pit,EX-01,Hydraulic Excavator,20.0,1.8,18.2
2026-06-01,Mine A,South Pit,EX-02,Hydraulic Excavator,20.0,0.1,19.9
2026-06-01,Mine A,South Pit,DT-101,Dump Truck (60T),20.0,0.8,19.2
2026-06-01,Mine A,South Pit,DT-102,Dump Truck (60T),20.0,0.0,20.0
2026-06-01,Mine A,South Pit,DT-103,Dump Truck (60T),20.0,0.9,19.1
2026-06-01,Mine A,South Pit,DR-01,Rotary Blast Drill,20.0,1.5,18.5
2026-06-01,Mine A,South Pit,WL-01,Wheel Loader,20.0,0.2,19.8
2026-06-01,Mine B,East Ridge,EX-01,Hydraulic Excavator,20.0,0.5,19.5
2026-06-01,Mine B,East Ridge,EX-02,Hydraulic Excavator,20.0,0.7,19.3
2026-06-01,Mine B,East Ridge,DT-101,Dump Truck (60T),20.0,3.5,16.5
2026-06-01,Mine B,East Ridge,DT-102,Dump Truck (60T),20.0,7.0,13.0
2026-06-01,Mine B,East Ridge,DT-103,Dump Truck (60T),20.0,0.1,19.9
2026-06-01,Mine B,East Ridge,DR-01,Rotary Blast Drill,20.0,2.0,18.0
2026-06-01,Mine B,East Ridge,WL-01,Wheel Loader,20.0,0.7,19.3
2026-06-01,Mine B,Deep West,EX-01,Hydraulic Excavator,20.0,0.7,19.3
2026-06-01,Mine B,Deep West,EX-02,Hydraulic Excavator,20.0,2.0,18.0
2026-06-01,Mine B,Deep West,DT-101,Dump Truck (60T),20.0,3.5,16.5
2026-06-01,Mine B,Deep West,DT-102,Dump Truck (60T),20.0,4.2,15.8
2026-06-01,Mine B,Deep West,DT-103,Dump Truck (60T),20.0,1.2,18.8
2026-06-01,Mine B,Deep West,DR-01,Rotary Blast Drill,20.0,0.6,19.4
2026-06-01,Mine B,Deep West,WL-01,Wheel Loader,20.0,2.2,17.8
2026-06-02,Mine A,North Block,EX-01,Hydraulic Excavator,20.0,0.4,19.6
2026-06-02,Mine A,North Block,EX-02,Hydraulic Excavator,20.0,1.2,18.8
2026-06-02,Mine A,North Block,DT-101,Dump Truck (60T),20.0,0.6,19.4
2026-06-02,Mine A,North Block,DT-102,Dump Truck (60T),20.0,1.5,18.5
2026-06-02,Mine A,North Block,DT-103,Dump Truck (60T),20.0,0.4,19.6
2026-06-02,Mine A,North Block,DR-01,Rotary Blast Drill,20.0,0.3,19.7
2026-06-02,Mine A,North Block,WL-01,Wheel Loader,20.0,3.5,16.5
2026-06-02,Mine A,South Pit,EX-01,Hydraulic Excavator,20.0,0.2,19.8
2026-06-02,Mine A,South Pit,EX-02,Hydraulic Excavator,20.0,1.0,19.0
2026-06-02,Mine A,South Pit,DT-101,Dump Truck (60T),20.0,0.3,19.7
2026-06-02,Mine A,South Pit,DT-102,Dump Truck (60T),20.0,0.1,19.9
2026-06-02,Mine A,South Pit,DT-103,Dump Truck (60T),20.0,0.1,19.9
2026-06-02,Mine A,South Pit,DR-01,Rotary Blast Drill,20.0,0.3,19.7
2026-06-02,Mine A,South Pit,WL-01,Wheel Loader,20.0,2.8,17.2
2026-06-02,Mine B,East Ridge,EX-01,Hydraulic Excavator,20.0,0.5,19.5
2026-06-02,Mine B,East Ridge,EX-02,Hydraulic Excavator,20.0,4.2,15.8
2026-06-02,Mine B,East Ridge,DT-101,Dump Truck (60T),20.0,1.2,18.8
2026-06-02,Mine B,East Ridge,DT-102,Dump Truck (60T),20.0,0.8,19.2
2026-06-02,Mine B,East Ridge,DT-103,Dump Truck (60T),20.0,1.2,18.8
2026-06-02,Mine B,East Ridge,DR-01,Rotary Blast Drill,20.0,1.0,19.0
2026-06-02,Mine B,East Ridge,WL-01,Wheel Loader,20.0,2.0,18.0
2026-06-02,Mine B,Deep West,EX-01,Hydraulic Excavator,20.0,0.5,19.5
2026-06-02,Mine B,Deep West,EX-02,Hydraulic Excavator,20.0,0.6,19.4
2026-06-02,Mine B,Deep West,DT-101,Dump Truck (60T),20.0,3.1,16.9
2026-06-02,Mine B,Deep West,DT-102,Dump Truck (60T),20.0,4.1,15.9
2026-06-02,Mine B,Deep West,DT-103,Dump Truck (60T),20.0,3.1,16.9
2026-06-02,Mine B,Deep West,DR-01,Rotary Blast Drill,20.0,0.8,19.2
2026-06-02,Mine B,Deep West,WL-01,Wheel Loader,20.0,2.1,17.9
2026-06-03,Mine A,North Block,EX-01,Hydraulic Excavator,20.0,0.9,19.1
2026-06-03,Mine A,North Block,EX-02,Hydraulic Excavator,20.0,1.0,19.0
2026-06-03,Mine A,North Block,DT-101,Dump Truck (60T),20.0,0.3,19.7
2026-06-03,Mine A,North Block,DT-102,Dump Truck (60T),20.0,1.3,18.7
2026-06-03,Mine A,North Block,DT-103,Dump Truck (60T),20.0,0.3,19.7
2026-06-03,Mine A,North Block,DR-01,Rotary Blast Drill,20.0,0.6,19.4
2026-06-03,Mine A,North Block,WL-01,Wheel Loader,20.0,2.7,17.3
2026-06-03,Mine A,South Pit,EX-01,Hydraulic Excavator,20.0,0.3,19.7
2026-06-03,Mine A,South Pit,EX-02,Hydraulic Excavator,20.0,0.1,19.9
2026-06-03,Mine A,South Pit,DT-101,Dump Truck (60T),20.0,0.1,19.9
2026-06-03,Mine A,South Pit,DT-102,Dump Truck (60T),20.0,4.0,16.0
2026-06-03,Mine A,South Pit,DT-103,Dump Truck (60T),20.0,1.0,19.0
2026-06-03,Mine A,South Pit,DR-01,Rotary Blast Drill,20.0,0.7,19.3
2026-06-03,Mine A,South Pit,WL-01,Wheel Loader,20.0,2.3,17.7
2026-06-03,Mine B,East Ridge,EX-01,Hydraulic Excavator,20.0,2.5,17.5
2026-06-03,Mine B,East Ridge,EX-02,Hydraulic Excavator,20.0,0.6,19.4
2026-06-03,Mine B,East Ridge,DT-101,Dump Truck (60T),20.0,1.7,18.3
2026-06-03,Mine B,East Ridge,DT-102,Dump Truck (60T),20.0,2.1,17.9
2026-06-03,Mine B,East Ridge,DT-103,Dump Truck (60T),20.0,1.5,18.5
2026-06-03,Mine B,East Ridge,DR-01,Rotary Blast Drill,20.0,0.2,19.8
2026-06-03,Mine B,East Ridge,WL-01,Wheel Loader,20.0,2.9,17.1
2026-06-03,Mine B,Deep West,EX-01,Hydraulic Excavator,20.0,1.1,18.9
2026-06-03,Mine B,Deep West,EX-02,Hydraulic Excavator,20.0,0.5,19.5
2026-06-03,Mine B,Deep West,DT-101,Dump Truck (60T),20.0,0.8,19.2
2026-06-03,Mine B,Deep West,DT-102,Dump Truck (60T),20.0,0.1,19.9
2026-06-03,Mine B,Deep West,DT-103,Dump Truck (60T),20.0,0.2,19.8
2026-06-03,Mine B,Deep West,DR-01,Rotary Blast Drill,20.0,2.0,18.0
2026-06-03,Mine B,Deep West,WL-01,Wheel Loader,20.0,0.0,20.0
2026-06-04,Mine A,North Block,EX-01,Hydraulic Excavator,20.0,0.8,19.2
2026-06-04,Mine A,North Block,EX-02,Hydraulic Excavator,20.0,1.0,19.0
2026-06-04,Mine A,North Block,DT-101,Dump Truck (60T),20.0,0.1,19.9
2026-06-04,Mine A,North Block,DT-102,Dump Truck (60T),20.0,5.1,14.9
2026-06-04,Mine A,North Block,DT-103,Dump Truck (60T),20.0,0.4,19.6
2026-06-04,Mine A,North Block,DR-01,Rotary Blast Drill,20.0,0.5,19.5
2026-06-04,Mine A,North Block,WL-01,Wheel Loader,20.0,0.5,19.5
2026-06-04,Mine A,South Pit,EX-01,Hydraulic Excavator,20.0,0.4,19.6
2026-06-04,Mine A,South Pit,EX-02,Hydraulic Excavator,20.0,0.0,20.0
2026-06-04,Mine A,South Pit,DT-101,Dump Truck (60T),20.0,1.8,18.2
2026-06-04,Mine A,South Pit,DT-102,Dump Truck (60T),20.0,4.8,15.2
2026-06-04,Mine A,South Pit,DT-103,Dump Truck (60T),20.0,0.4,19.6
2026-06-04,Mine A,South Pit,DR-01,Rotary Blast Drill,20.0,1.5,18.5
2026-06-04,Mine A,South Pit,WL-01,Wheel Loader,20.0,1.9,18.1
2026-06-04,Mine B,East Ridge,EX-01,Hydraulic Excavator,20.0,2.6,17.4
2026-06-04,Mine B,East Ridge,EX-02,Hydraulic Excavator,20.0,0.8,19.2
2026-06-04,Mine B,East Ridge,DT-101,Dump Truck (60T),20.0,0.5,19.5
2026-06-04,Mine B,East Ridge,DT-102,Dump Truck (60T),20.0,0.6,19.4
2026-06-04,Mine B,East Ridge,DT-103,Dump Truck (60T),20.0,1.7,18.3
2026-06-04,Mine B,East Ridge,DR-01,Rotary Blast Drill,20.0,2.4,17.6
2026-06-04,Mine B,East Ridge,WL-01,Wheel Loader,20.0,0.3,19.7
2026-06-04,Mine B,Deep West,EX-01,Hydraulic Excavator,20.0,0.6,19.4
2026-06-04,Mine B,Deep West,EX-02,Hydraulic Excavator,20.0,3.3,16.7
2026-06-04,Mine B,Deep West,DT-101,Dump Truck (60T),20.0,2.3,17.7
2026-06-04,Mine B,Deep West,DT-102,Dump Truck (60T),20.0,5.9,14.1
2026-06-04,Mine B,Deep West,DT-103,Dump Truck (60T),20.0,2.0,18.0
2026-06-04,Mine B,Deep West,DR-01,Rotary Blast Drill,20.0,0.7,19.3
2026-06-04,Mine B,Deep West,WL-01,Wheel Loader,20.0,1.3,18.7
2026-06-05,Mine A,North Block,EX-01,Hydraulic Excavator,20.0,1.5,18.5
2026-06-05,Mine A,North Block,EX-02,Hydraulic Excavator,20.0,0.1,19.9
2026-06-05,Mine A,North Block,DT-101,Dump Truck (60T),20.0,1.1,18.9
2026-06-05,Mine A,North Block,DT-102,Dump Truck (60T),20.0,1.7,18.3
2026-06-05,Mine A,North Block,DT-103,Dump Truck (60T),20.0,0.3,19.7
2026-06-05,Mine A,North Block,DR-01,Rotary Blast Drill,20.0,2.1,17.9
2026-06-05,Mine A,North Block,WL-01,Wheel Loader,20.0,1.2,18.8
2026-06-05,Mine A,South Pit,EX-01,Hydraulic Excavator,20.0,4.3,15.7
2026-06-05,Mine A,South Pit,EX-02,Hydraulic Excavator,20.0,0.1,19.9
2026-06-05,Mine A,South Pit,DT-101,Dump Truck (60T),20.0,0.4,19.6
2026-06-05,Mine A,South Pit,DT-102,Dump Truck (60T),20.0,1.3,18.7
2026-06-05,Mine A,South Pit,DT-103,Dump Truck (60T),20.0,0.5,19.5
2026-06-05,Mine A,South Pit,DR-01,Rotary Blast Drill,20.0,1.8,18.2
2026-06-05,Mine A,South Pit,WL-01,Wheel Loader,20.0,2.0,18.0
2026-06-05,Mine B,East Ridge,EX-01,Hydraulic Excavator,20.0,0.2,19.8
2026-06-05,Mine B,East Ridge,EX-02,Hydraulic Excavator,20.0,1.0,19.0
2026-06-05,Mine B,East Ridge,DT-101,Dump Truck (60T),20.0,1.0,19.0
2026-06-05,Mine B,East Ridge,DT-102,Dump Truck (60T),20.0,0.6,19.4
2026-06-05,Mine B,East Ridge,DT-103,Dump Truck (60T),20.0,3.8,16.2
2026-06-05,Mine B,East Ridge,DR-01,Rotary Blast Drill,20.0,2.5,17.5
2026-06-05,Mine B,East Ridge,WL-01,Wheel Loader,20.0,1.7,18.3
2026-06-05,Mine B,Deep West,EX-01,Hydraulic Excavator,20.0,1.8,18.2
2026-06-05,Mine B,Deep West,EX-02,Hydraulic Excavator,20.0,0.9,19.1
2026-06-05,Mine B,Deep West,DT-101,Dump Truck (60T),20.0,3.6,16.4
2026-06-05,Mine B,Deep West,DT-102,Dump Truck (60T),20.0,1.7,18.3
2026-06-05,Mine B,Deep West,DT-103,Dump Truck (60T),20.0,1.8,18.2
2026-06-05,Mine B,Deep West,DR-01,Rotary Blast Drill,20.0,2.8,17.2
2026-06-05,Mine B,Deep West,WL-01,Wheel Loader,20.0,0.4,19.6
2026-06-06,Mine A,North Block,EX-01,Hydraulic Excavator,20.0,2.3,17.7
2026-06-06,Mine A,North Block,EX-02,Hydraulic Excavator,20.0,0.3,19.7
2026-06-06,Mine A,North Block,DT-101,Dump Truck (60T),20.0,0.6,19.4
2026-06-06,Mine A,North Block,DT-102,Dump Truck (60T),20.0,0.6,19.4
2026-06-06,Mine A,North Block,DT-103,Dump Truck (60T),20.0,5.4,14.6
2026-06-06,Mine A,North Block,DR-01,Rotary Blast Drill,20.0,2.7,17.3
2026-06-06,Mine A,North Block,WL-01,Wheel Loader,20.0,1.7,18.3
2026-06-06,Mine A,South Pit,EX-01,Hydraulic Excavator,20.0,1.8,18.2
2026-06-06,Mine A,South Pit,EX-02,Hydraulic Excavator,20.0,1.2,18.8
2026-06-06,Mine A,South Pit,DT-101,Dump Truck (60T),20.0,4.1,15.9
2026-06-06,Mine A,South Pit,DT-102,Dump Truck (60T),20.0,1.0,19.0
2026-06-06,Mine A,South Pit,DT-103,Dump Truck (60T),20.0,0.7,19.3
2026-06-06,Mine A,South Pit,DR-01,Rotary Blast Drill,20.0,0.2,19.8
2026-06-06,Mine A,South Pit,WL-01,Wheel Loader,20.0,2.2,17.8
2026-06-06,Mine B,East Ridge,EX-01,Hydraulic Excavator,20.0,1.9,18.1
2026-06-06,Mine B,East Ridge,EX-02,Hydraulic Excavator,20.0,0.7,19.3
2026-06-06,Mine B,East Ridge,DT-101,Dump Truck (60T),20.0,0.0,20.0
2026-06-06,Mine B,East Ridge,DT-102,Dump Truck (60T),20.0,2.6,17.4
2026-06-06,Mine B,East Ridge,DT-103,Dump Truck (60T),20.0,0.0,20.0
2026-06-06,Mine B,East Ridge,DR-01,Rotary Blast Drill,20.0,1.7,18.3
2026-06-06,Mine B,East Ridge,WL-01,Wheel Loader,20.0,4.9,15.1
2026-06-06,Mine B,Deep West,EX-01,Hydraulic Excavator,20.0,0.8,19.2
2026-06-06,Mine B,Deep West,EX-02,Hydraulic Excavator,20.0,0.4,19.6
2026-06-06,Mine B,Deep West,DT-101,Dump Truck (60T),20.0,1.7,18.3
2026-06-06,Mine B,Deep West,DT-102,Dump Truck (60T),20.0,2.4,17.6
2026-06-06,Mine B,Deep West,DT-103,Dump Truck (60T),20.0,1.1,18.9
2026-06-06,Mine B,Deep West,DR-01,Rotary Blast Drill,20.0,4.8,15.2
2026-06-06,Mine B,Deep West,WL-01,Wheel Loader,20.0,0.1,19.9
2026-06-07,Mine A,North Block,EX-01,Hydraulic Excavator,20.0,1.0,19.0
2026-06-07,Mine A,North Block,EX-02,Hydraulic Excavator,20.0,1.8,18.2
2026-06-07,Mine A,North Block,DT-101,Dump Truck (60T),20.0,2.8,17.2
2026-06-07,Mine A,North Block,DT-102,Dump Truck (60T),20.0,0.3,19.7
2026-06-07,Mine A,North Block,DT-103,Dump Truck (60T),20.0,2.3,17.7
2026-06-07,Mine A,North Block,DR-01,Rotary Blast Drill,20.0,1.1,18.9
2026-06-07,Mine A,North Block,WL-01,Wheel Loader,20.0,0.7,19.3
2026-06-07,Mine A,South Pit,EX-01,Hydraulic Excavator,20.0,0.2,19.8
2026-06-07,Mine A,South Pit,EX-02,Hydraulic Excavator,20.0,2.8,17.2
2026-06-07,Mine A,South Pit,DT-101,Dump Truck (60T),20.0,0.2,19.8
2026-06-07,Mine A,South Pit,DT-102,Dump Truck (60T),20.0,0.5,19.5
2026-06-07,Mine A,South Pit,DT-103,Dump Truck (60T),20.0,0.5,19.5
2026-06-07,Mine A,South Pit,DR-01,Rotary Blast Drill,20.0,2.9,17.1
2026-06-07,Mine A,South Pit,WL-01,Wheel Loader,20.0,1.6,18.4
2026-06-07,Mine B,East Ridge,EX-01,Hydraulic Excavator,20.0,2.2,17.8
2026-06-07,Mine B,East Ridge,EX-02,Hydraulic Excavator,20.0,0.4,19.6
2026-06-07,Mine B,East Ridge,DT-101,Dump Truck (60T),20.0,1.4,18.6
2026-06-07,Mine B,East Ridge,DT-102,Dump Truck (60T),20.0,1.2,18.8
2026-06-07,Mine B,East Ridge,DT-103,Dump Truck (60T),20.0,2.5,17.5
2026-06-07,Mine B,East Ridge,DR-01,Rotary Blast Drill,20.0,3.3,16.7
2026-06-07,Mine B,East Ridge,WL-01,Wheel Loader,20.0,0.0,20.0
2026-06-07,Mine B,Deep West,EX-01,Hydraulic Excavator,20.0,1.6,18.4
2026-06-07,Mine B,Deep West,EX-02,Hydraulic Excavator,20.0,0.1,19.9
2026-06-07,Mine B,Deep West,DT-101,Dump Truck (60T),20.0,1.1,18.9
2026-06-07,Mine B,Deep West,DT-102,Dump Truck (60T),20.0,0.5,19.5
2026-06-07,Mine B,Deep West,DT-103,Dump Truck (60T),20.0,0.5,19.5
2026-06-07,Mine B,Deep West,DR-01,Rotary Blast Drill,20.0,0.6,19.4
2026-06-07,Mine B,Deep West,WL-01,Wheel Loader,20.0,1.4,18.6
2026-06-08,Mine A,North Block,EX-01,Hydraulic Excavator,20.0,0.6,19.4
2026-06-08,Mine A,North Block,EX-02,Hydraulic Excavator,20.0,1.8,18.2
2026-06-08,Mine A,North Block,DT-101,Dump Truck (60T),20.0,0.7,19.3
2026-06-08,Mine A,North Block,DT-102,Dump Truck (60T),20.0,0.1,19.9
2026-06-08,Mine A,North Block,DT-103,Dump Truck (60T),20.0,2.1,17.9
2026-06-08,Mine A,North Block,DR-01,Rotary Blast Drill,20.0,0.5,19.5
2026-06-08,Mine A,North Block,WL-01,Wheel Loader,20.0,0.8,19.2
2026-06-08,Mine A,South Pit,EX-01,Hydraulic Excavator,20.0,1.6,18.4
2026-06-08,Mine A,South Pit,EX-02,Hydraulic Excavator,20.0,0.6,19.4
2026-06-08,Mine A,South Pit,DT-101,Dump Truck (60T),20.0,0.1,19.9
2026-06-08,Mine A,South Pit,DT-102,Dump Truck (60T),20.0,0.7,19.3
2026-06-08,Mine A,South Pit,DT-103,Dump Truck (60T),20.0,4.0,16.0
2026-06-08,Mine A,South Pit,DR-01,Rotary Blast Drill,20.0,1.4,18.6
2026-06-08,Mine A,South Pit,WL-01,Wheel Loader,20.0,1.6,18.4
2026-06-08,Mine B,East Ridge,EX-01,Hydraulic Excavator,20.0,1.4,18.6
2026-06-08,Mine B,East Ridge,EX-02,Hydraulic Excavator,20.0,0.3,19.7
2026-06-08,Mine B,East Ridge,DT-101,Dump Truck (60T),20.0,0.8,19.2
2026-06-08,Mine B,East Ridge,DT-102,Dump Truck (60T),20.0,1.9,18.1
2026-06-08,Mine B,East Ridge,DT-103,Dump Truck (60T),20.0,0.1,19.9
2026-06-08,Mine B,East Ridge,DR-01,Rotary Blast Drill,20.0,0.5,19.5
2026-06-08,Mine B,East Ridge,WL-01,Wheel Loader,20.0,0.5,19.5
2026-06-08,Mine B,Deep West,EX-01,Hydraulic Excavator,20.0,0.8,19.2
2026-06-08,Mine B,Deep West,EX-02,Hydraulic Excavator,20.0,5.5,14.5
2026-06-08,Mine B,Deep West,DT-101,Dump Truck (60T),20.0,0.1,19.9
2026-06-08,Mine B,Deep West,DT-102,Dump Truck (60T),20.0,1.0,19.0
2026-06-08,Mine B,Deep West,DT-103,Dump Truck (60T),20.0,0.3,19.7
2026-06-08,Mine B,Deep West,DR-01,Rotary Blast Drill,20.0,4.9,15.1
2026-06-08,Mine B,Deep West,WL-01,Wheel Loader,20.0,0.2,19.8
2026-06-09,Mine A,North Block,EX-01,Hydraulic Excavator,20.0,0.7,19.3
2026-06-09,Mine A,North Block,EX-02,Hydraulic Excavator,20.0,1.9,18.1
2026-06-09,Mine A,North Block,DT-101,Dump Truck (60T),20.0,1.7,18.3
2026-06-09,Mine A,North Block,DT-102,Dump Truck (60T),20.0,0.8,19.2
2026-06-09,Mine A,North Block,DT-103,Dump Truck (60T),20.0,0.6,19.4
2026-06-09,Mine A,North Block,DR-01,Rotary Blast Drill,20.0,0.7,19.3
2026-06-09,Mine A,North Block,WL-01,Wheel Loader,20.0,0.4,19.6
2026-06-09,Mine A,South Pit,EX-01,Hydraulic Excavator,20.0,0.3,19.7
2026-06-09,Mine A,South Pit,EX-02,Hydraulic Excavator,20.0,0.9,19.1
2026-06-09,Mine A,South Pit,DT-101,Dump Truck (60T),20.0,0.4,19.6
2026-06-09,Mine A,South Pit,DT-102,Dump Truck (60T),20.0,0.5,19.5
2026-06-09,Mine A,South Pit,DT-103,Dump Truck (60T),20.0,1.5,18.5
2026-06-09,Mine A,South Pit,DR-01,Rotary Blast Drill,20.0,4.8,15.2
2026-06-09,Mine A,South Pit,WL-01,Wheel Loader,20.0,1.3,18.7
2026-06-09,Mine B,East Ridge,EX-01,Hydraulic Excavator,20.0,0.1,19.9
2026-06-09,Mine B,East Ridge,EX-02,Hydraulic Excavator,20.0,0.1,19.9
2026-06-09,Mine B,East Ridge,DT-101,Dump Truck (60T),20.0,4.2,15.8
2026-06-09,Mine B,East Ridge,DT-102,Dump Truck (60T),20.0,0.5,19.5
2026-06-09,Mine B,East Ridge,DT-103,Dump Truck (60T),20.0,0.1,19.9
2026-06-09,Mine B,East Ridge,DR-01,Rotary Blast Drill,20.0,1.3,18.7
2026-06-09,Mine B,East Ridge,WL-01,Wheel Loader,20.0,1.4,18.6
2026-06-09,Mine B,Deep West,EX-01,Hydraulic Excavator,20.0,1.5,18.5
2026-06-09,Mine B,Deep West,EX-02,Hydraulic Excavator,20.0,0.4,19.6
2026-06-09,Mine B,Deep West,DT-101,Dump Truck (60T),20.0,0.0,20.0
2026-06-09,Mine B,Deep West,DT-102,Dump Truck (60T),20.0,4.7,15.3
2026-06-09,Mine B,Deep West,DT-103,Dump Truck (60T),20.0,0.4,19.6
2026-06-09,Mine B,Deep West,DR-01,Rotary Blast Drill,20.0,1.6,18.4
2026-06-09,Mine B,Deep West,WL-01,Wheel Loader,20.0,1.7,18.3
2026-06-10,Mine A,North Block,EX-01,Hydraulic Excavator,20.0,1.3,18.7
2026-06-10,Mine A,North Block,EX-02,Hydraulic Excavator,20.0,0.5,19.5
2026-06-10,Mine A,North Block,DT-101,Dump Truck (60T),20.0,0.4,19.6
2026-06-10,Mine A,North Block,DT-102,Dump Truck (60T),20.0,1.3,18.7
2026-06-10,Mine A,North Block,DT-103,Dump Truck (60T),20.0,2.8,17.2
2026-06-10,Mine A,North Block,DR-01,Rotary Blast Drill,20.0,4.1,15.9
2026-06-10,Mine A,North Block,WL-01,Wheel Loader,20.0,0.2,19.8
2026-06-10,Mine A,South Pit,EX-01,Hydraulic Excavator,20.0,0.2,19.8
2026-06-10,Mine A,South Pit,EX-02,Hydraulic Excavator,20.0,4.1,15.9
2026-06-10,Mine A,South Pit,DT-101,Dump Truck (60T),20.0,1.9,18.1
2026-06-10,Mine A,South Pit,DT-102,Dump Truck (60T),20.0,3.0,17.0
2026-06-10,Mine A,South Pit,DT-103,Dump Truck (60T),20.0,0.3,19.7
2026-06-10,Mine A,South Pit,DR-01,Rotary Blast Drill,20.0,1.2,18.8
2026-06-10,Mine A,South Pit,WL-01,Wheel Loader,20.0,1.7,18.3
2026-06-10,Mine B,East Ridge,EX-01,Hydraulic Excavator,20.0,1.6,18.4
2026-06-10,Mine B,East Ridge,EX-02,Hydraulic Excavator,20.0,0.7,19.3
2026-06-10,Mine B,East Ridge,DT-101,Dump Truck (60T),20.0,0.0,20.0
2026-06-10,Mine B,East Ridge,DT-102,Dump Truck (60T),20.0,1.2,18.8
2026-06-10,Mine B,East Ridge,DT-103,Dump Truck (60T),20.0,0.4,19.6
2026-06-10,Mine B,East Ridge,DR-01,Rotary Blast Drill,20.0,0.8,19.2
2026-06-10,Mine B,East Ridge,WL-01,Wheel Loader,20.0,4.4,15.6
2026-06-10,Mine B,Deep West,EX-01,Hydraulic Excavator,20.0,0.7,19.3
2026-06-10,Mine B,Deep West,EX-02,Hydraulic Excavator,20.0,2.6,17.4
2026-06-10,Mine B,Deep West,DT-101,Dump Truck (60T),20.0,0.3,19.7
2026-06-10,Mine B,Deep West,DT-102,Dump Truck (60T),20.0,1.6,18.4
2026-06-10,Mine B,Deep West,DT-103,Dump Truck (60T),20.0,5.3,14.7
2026-06-10,Mine B,Deep West,DR-01,Rotary Blast Drill,20.0,0.2,19.8
2026-06-10,Mine B,Deep West,WL-01,Wheel Loader,20.0,0.0,20.0
2026-06-11,Mine A,North Block,EX-01,Hydraulic Excavator,20.0,0.8,19.2
2026-06-11,Mine A,North Block,EX-02,Hydraulic Excavator,20.0,0.1,19.9
2026-06-11,Mine A,North Block,DT-101,Dump Truck (60T),20.0,1.9,18.1
2026-06-11,Mine A,North Block,DT-102,Dump Truck (60T),20.0,3.4,16.6
2026-06-11,Mine A,North Block,DT-103,Dump Truck (60T),20.0,0.8,19.2
2026-06-11,Mine A,North Block,DR-01,Rotary Blast Drill,20.0,0.4,19.6
2026-06-11,Mine A,North Block,WL-01,Wheel Loader,20.0,0.8,19.2
2026-06-11,Mine A,South Pit,EX-01,Hydraulic Excavator,20.0,1.8,18.2
2026-06-11,Mine A,South Pit,EX-02,Hydraulic Excavator,20.0,0.0,20.0
2026-06-11,Mine A,South Pit,DT-101,Dump Truck (60T),20.0,1.2,18.8
2026-06-11,Mine A,South Pit,DT-102,Dump Truck (60T),20.0,1.3,18.7
2026-06-11,Mine A,South Pit,DT-103,Dump Truck (60T),20.0,1.4,18.6
2026-06-11,Mine A,South Pit,DR-01,Rotary Blast Drill,20.0,0.4,19.6
2026-06-11,Mine A,South Pit,WL-01,Wheel Loader,20.0,1.8,18.2
2026-06-11,Mine B,East Ridge,EX-01,Hydraulic Excavator,20.0,0.1,19.9
2026-06-11,Mine B,East Ridge,EX-02,Hydraulic Excavator,20.0,0.3,19.7
2026-06-11,Mine B,East Ridge,DT-101,Dump Truck (60T),20.0,2.9,17.1
2026-06-11,Mine B,East Ridge,DT-102,Dump Truck (60T),20.0,1.9,18.1
2026-06-11,Mine B,East Ridge,DT-103,Dump Truck (60T),20.0,0.0,20.0
2026-06-11,Mine B,East Ridge,DR-01,Rotary Blast Drill,20.0,0.4,19.6
2026-06-11,Mine B,East Ridge,WL-01,Wheel Loader,20.0,0.3,19.7
2026-06-11,Mine B,Deep West,EX-01,Hydraulic Excavator,20.0,0.4,19.6
2026-06-11,Mine B,Deep West,EX-02,Hydraulic Excavator,20.0,0.4,19.6
2026-06-11,Mine B,Deep West,DT-101,Dump Truck (60T),20.0,0.1,19.9
2026-06-11,Mine B,Deep West,DT-102,Dump Truck (60T),20.0,0.9,19.1
2026-06-11,Mine B,Deep West,DT-103,Dump Truck (60T),20.0,1.8,18.2
2026-06-11,Mine B,Deep West,DR-01,Rotary Blast Drill,20.0,1.3,18.7
2026-06-11,Mine B,Deep West,WL-01,Wheel Loader,20.0,1.6,18.4
2026-06-12,Mine A,North Block,EX-01,Hydraulic Excavator,20.0,0.1,19.9
2026-06-12,Mine A,North Block,EX-02,Hydraulic Excavator,20.0,4.2,15.8
2026-06-12,Mine A,North Block,DT-101,Dump Truck (60T),20.0,2.6,17.4
2026-06-12,Mine A,North Block,DT-102,Dump Truck (60T),20.0,2.3,17.7
2026-06-12,Mine A,North Block,DT-103,Dump Truck (60T),20.0,2.4,17.6
2026-06-12,Mine A,North Block,DR-01,Rotary Blast Drill,20.0,3.8,16.2
2026-06-12,Mine A,North Block,WL-01,Wheel Loader,20.0,1.1,18.9
2026-06-12,Mine A,South Pit,EX-01,Hydraulic Excavator,20.0,0.3,19.7
2026-06-12,Mine A,South Pit,EX-02,Hydraulic Excavator,20.0,1.3,18.7
2026-06-12,Mine A,South Pit,DT-101,Dump Truck (60T),20.0,1.9,18.1
2026-06-12,Mine A,South Pit,DT-102,Dump Truck (60T),20.0,1.9,18.1
2026-06-12,Mine A,South Pit,DT-103,Dump Truck (60T),20.0,1.0,19.0
2026-06-12,Mine A,South Pit,DR-01,Rotary Blast Drill,20.0,0.1,19.9
2026-06-12,Mine A,South Pit,WL-01,Wheel Loader,20.0,0.6,19.4
2026-06-12,Mine B,East Ridge,EX-01,Hydraulic Excavator,20.0,3.5,16.5
2026-06-12,Mine B,East Ridge,EX-02,Hydraulic Excavator,20.0,1.2,18.8
2026-06-12,Mine B,East Ridge,DT-101,Dump Truck (60T),20.0,1.1,18.9
2026-06-12,Mine B,East Ridge,DT-102,Dump Truck (60T),20.0,0.4,19.6
2026-06-12,Mine B,East Ridge,DT-103,Dump Truck (60T),20.0,0.6,19.4
2026-06-12,Mine B,East Ridge,DR-01,Rotary Blast Drill,20.0,3.2,16.8
2026-06-12,Mine B,East Ridge,WL-01,Wheel Loader,20.0,1.5,18.5
2026-06-12,Mine B,Deep West,EX-01,Hydraulic Excavator,20.0,2.2,17.8
2026-06-12,Mine B,Deep West,EX-02,Hydraulic Excavator,20.0,0.8,19.2
2026-06-12,Mine B,Deep West,DT-101,Dump Truck (60T),20.0,1.4,18.6
2026-06-12,Mine B,Deep West,DT-102,Dump Truck (60T),20.0,0.4,19.6
2026-06-12,Mine B,Deep West,DT-103,Dump Truck (60T),20.0,1.7,18.3
2026-06-12,Mine B,Deep West,DR-01,Rotary Blast Drill,20.0,0.8,19.2
2026-06-12,Mine B,Deep West,WL-01,Wheel Loader,20.0,0.8,19.2
2026-06-13,Mine A,North Block,EX-01,Hydraulic Excavator,20.0,1.5,18.5
2026-06-13,Mine A,North Block,EX-02,Hydraulic Excavator,20.0,3.9,16.1
2026-06-13,Mine A,North Block,DT-101,Dump Truck (60T),20.0,0.1,19.9
2026-06-13,Mine A,North Block,DT-102,Dump Truck (60T),20.0,2.4,17.6
2026-06-13,Mine A,North Block,DT-103,Dump Truck (60T),20.0,0.5,19.5
2026-06-13,Mine A,North Block,DR-01,Rotary Blast Drill,20.0,0.8,19.2
2026-06-13,Mine A,North Block,WL-01,Wheel Loader,20.0,0.0,20.0
2026-06-13,Mine A,South Pit,EX-01,Hydraulic Excavator,20.0,0.5,19.5
2026-06-13,Mine A,South Pit,EX-02,Hydraulic Excavator,20.0,1.0,19.0
2026-06-13,Mine A,South Pit,DT-101,Dump Truck (60T),20.0,0.1,19.9
2026-06-13,Mine A,South Pit,DT-102,Dump Truck (60T),20.0,0.9,19.1
2026-06-13,Mine A,South Pit,DT-103,Dump Truck (60T),20.0,3.7,16.3
2026-06-13,Mine A,South Pit,DR-01,Rotary Blast Drill,20.0,0.2,19.8
2026-06-13,Mine A,South Pit,WL-01,Wheel Loader,20.0,2.0,18.0
2026-06-13,Mine B,East Ridge,EX-01,Hydraulic Excavator,20.0,0.7,19.3
2026-06-13,Mine B,East Ridge,EX-02,Hydraulic Excavator,20.0,1.5,18.5
2026-06-13,Mine B,East Ridge,DT-101,Dump Truck (60T),20.0,0.4,19.6
2026-06-13,Mine B,East Ridge,DT-102,Dump Truck (60T),20.0,0.2,19.8
2026-06-13,Mine B,East Ridge,DT-103,Dump Truck (60T),20.0,0.2,19.8
2026-06-13,Mine B,East Ridge,DR-01,Rotary Blast Drill,20.0,0.1,19.9
2026-06-13,Mine B,East Ridge,WL-01,Wheel Loader,20.0,0.3,19.7
2026-06-13,Mine B,Deep West,EX-01,Hydraulic Excavator,20.0,1.5,18.5
2026-06-13,Mine B,Deep West,EX-02,Hydraulic Excavator,20.0,3.0,17.0
2026-06-13,Mine B,Deep West,DT-101,Dump Truck (60T),20.0,2.4,17.6
2026-06-13,Mine B,Deep West,DT-102,Dump Truck (60T),20.0,1.6,18.4
2026-06-13,Mine B,Deep West,DT-103,Dump Truck (60T),20.0,0.2,19.8
2026-06-13,Mine B,Deep West,DR-01,Rotary Blast Drill,20.0,0.5,19.5
2026-06-13,Mine B,Deep West,WL-01,Wheel Loader,20.0,0.5,19.5
2026-06-14,Mine A,North Block,EX-01,Hydraulic Excavator,20.0,0.4,19.6
2026-06-14,Mine A,North Block,EX-02,Hydraulic Excavator,20.0,1.0,19.0
2026-06-14,Mine A,North Block,DT-101,Dump Truck (60T),20.0,1.1,18.9
2026-06-14,Mine A,North Block,DT-102,Dump Truck (60T),20.0,0.6,19.4
2026-06-14,Mine A,North Block,DT-103,Dump Truck (60T),20.0,0.6,19.4
2026-06-14,Mine A,North Block,DR-01,Rotary Blast Drill,20.0,2.5,17.5
2026-06-14,Mine A,North Block,WL-01,Wheel Loader,20.0,2.2,17.8
2026-06-14,Mine A,South Pit,EX-01,Hydraulic Excavator,20.0,0.5,19.5
2026-06-14,Mine A,South Pit,EX-02,Hydraulic Excavator,20.0,3.4,16.6
2026-06-14,Mine A,South Pit,DT-101,Dump Truck (60T),20.0,4.3,15.7
2026-06-14,Mine A,South Pit,DT-102,Dump Truck (60T),20.0,0.6,19.4
2026-06-14,Mine A,South Pit,DT-103,Dump Truck (60T),20.0,0.6,19.4
2026-06-14,Mine A,South Pit,DR-01,Rotary Blast Drill,20.0,1.0,19.0
2026-06-14,Mine A,South Pit,WL-01,Wheel Loader,20.0,4.0,16.0
2026-06-14,Mine B,East Ridge,EX-01,Hydraulic Excavator,20.0,2.9,17.1
2026-06-14,Mine B,East Ridge,EX-02,Hydraulic Excavator,20.0,0.2,19.8
2026-06-14,Mine B,East Ridge,DT-101,Dump Truck (60T),20.0,0.7,19.3
2026-06-14,Mine B,East Ridge,DT-102,Dump Truck (60T),20.0,1.1,18.9
2026-06-14,Mine B,East Ridge,DT-103,Dump Truck (60T),20.0,1.0,19.0
2026-06-14,Mine B,East Ridge,DR-01,Rotary Blast Drill,20.0,0.3,19.7
2026-06-14,Mine B,East Ridge,WL-01,Wheel Loader,20.0,2.7,17.3
2026-06-14,Mine B,Deep West,EX-01,Hydraulic Excavator,20.0,1.6,18.4
2026-06-14,Mine B,Deep West,EX-02,Hydraulic Excavator,20.0,2.5,17.5
2026-06-14,Mine B,Deep West,DT-101,Dump Truck (60T),20.0,2.7,17.3
2026-06-14,Mine B,Deep West,DT-102,Dump Truck (60T),20.0,1.9,18.1
2026-06-14,Mine B,Deep West,DT-103,Dump Truck (60T),20.0,0.8,19.2
2026-06-14,Mine B,Deep West,DR-01,Rotary Blast Drill,20.0,1.3,18.7
2026-06-14,Mine B,Deep West,WL-01,Wheel Loader,20.0,0.2,19.8
2026-06-15,Mine A,North Block,EX-01,Hydraulic Excavator,20.0,1.6,18.4
2026-06-15,Mine A,North Block,EX-02,Hydraulic Excavator,20.0,0.3,19.7
2026-06-15,Mine A,North Block,DT-101,Dump Truck (60T),20.0,1.7,18.3
2026-06-15,Mine A,North Block,DT-102,Dump Truck (60T),20.0,0.4,19.6
2026-06-15,Mine A,North Block,DT-103,Dump Truck (60T),20.0,0.2,19.8
2026-06-15,Mine A,North Block,DR-01,Rotary Blast Drill,20.0,0.3,19.7
2026-06-15,Mine A,North Block,WL-01,Wheel Loader,20.0,0.0,20.0
2026-06-15,Mine A,South Pit,EX-01,Hydraulic Excavator,20.0,1.8,18.2
2026-06-15,Mine A,South Pit,EX-02,Hydraulic Excavator,20.0,1.8,18.2
2026-06-15,Mine A,South Pit,DT-101,Dump Truck (60T),20.0,1.0,19.0
2026-06-15,Mine A,South Pit,DT-102,Dump Truck (60T),20.0,0.2,19.8
2026-06-15,Mine A,South Pit,DT-103,Dump Truck (60T),20.0,0.1,19.9
2026-06-15,Mine A,South Pit,DR-01,Rotary Blast Drill,20.0,0.0,20.0
2026-06-15,Mine A,South Pit,WL-01,Wheel Loader,20.0,0.3,19.7
2026-06-15,Mine B,East Ridge,EX-01,Hydraulic Excavator,20.0,3.1,16.9
2026-06-15,Mine B,East Ridge,EX-02,Hydraulic Excavator,20.0,0.4,19.6
2026-06-15,Mine B,East Ridge,DT-101,Dump Truck (60T),20.0,0.6,19.4
2026-06-15,Mine B,East Ridge,DT-102,Dump Truck (60T),20.0,0.2,19.8
2026-06-15,Mine B,East Ridge,DT-103,Dump Truck (60T),20.0,0.4,19.6
2026-06-15,Mine B,East Ridge,DR-01,Rotary Blast Drill,20.0,1.0,19.0
2026-06-15,Mine B,East Ridge,WL-01,Wheel Loader,20.0,1.3,18.7
2026-06-15,Mine B,Deep West,EX-01,Hydraulic Excavator,20.0,0.4,19.6
2026-06-15,Mine B,Deep West,EX-02,Hydraulic Excavator,20.0,0.1,19.9
2026-06-15,Mine B,Deep West,DT-101,Dump Truck (60T),20.0,0.7,19.3
2026-06-15,Mine B,Deep West,DT-102,Dump Truck (60T),20.0,0.4,19.6
2026-06-15,Mine B,Deep West,DT-103,Dump Truck (60T),20.0,0.3,19.7
2026-06-15,Mine B,Deep West,DR-01,Rotary Blast Drill,20.0,4.5,15.5
2026-06-15,Mine B,Deep West,WL-01,Wheel Loader,20.0,1.3,18.7
2026-06-16,Mine A,North Block,EX-01,Hydraulic Excavator,20.0,1.1,18.9
2026-06-16,Mine A,North Block,EX-02,Hydraulic Excavator,20.0,0.8,19.2
2026-06-16,Mine A,North Block,DT-101,Dump Truck (60T),20.0,0.8,19.2
2026-06-16,Mine A,North Block,DT-102,Dump Truck (60T),20.0,1.1,18.9
2026-06-16,Mine A,North Block,DT-103,Dump Truck (60T),20.0,1.7,18.3
2026-06-16,Mine A,North Block,DR-01,Rotary Blast Drill,20.0,1.7,18.3
2026-06-16,Mine A,North Block,WL-01,Wheel Loader,20.0,0.3,19.7
2026-06-16,Mine A,South Pit,EX-01,Hydraulic Excavator,20.0,1.0,19.0
2026-06-16,Mine A,South Pit,EX-02,Hydraulic Excavator,20.0,0.7,19.3
2026-06-16,Mine A,South Pit,DT-101,Dump Truck (60T),20.0,2.9,17.1
2026-06-16,Mine A,South Pit,DT-102,Dump Truck (60T),20.0,1.4,18.6
2026-06-16,Mine A,South Pit,DT-103,Dump Truck (60T),20.0,1.1,18.9
2026-06-16,Mine A,South Pit,DR-01,Rotary Blast Drill,20.0,0.2,19.8
2026-06-16,Mine A,South Pit,WL-01,Wheel Loader,20.0,1.3,18.7
2026-06-16,Mine B,East Ridge,EX-01,Hydraulic Excavator,20.0,0.2,19.8
2026-06-16,Mine B,East Ridge,EX-02,Hydraulic Excavator,20.0,0.6,19.4
2026-06-16,Mine B,East Ridge,DT-101,Dump Truck (60T),20.0,0.2,19.8
2026-06-16,Mine B,East Ridge,DT-102,Dump Truck (60T),20.0,1.6,18.4
2026-06-16,Mine B,East Ridge,DT-103,Dump Truck (60T),20.0,0.3,19.7
2026-06-16,Mine B,East Ridge,DR-01,Rotary Blast Drill,20.0,0.7,19.3
2026-06-16,Mine B,East Ridge,WL-01,Wheel Loader,20.0,3.2,16.8
2026-06-16,Mine B,Deep West,EX-01,Hydraulic Excavator,20.0,0.3,19.7
2026-06-16,Mine B,Deep West,EX-02,Hydraulic Excavator,20.0,1.0,19.0
2026-06-16,Mine B,Deep West,DT-101,Dump Truck (60T),20.0,0.8,19.2
2026-06-16,Mine B,Deep West,DT-102,Dump Truck (60T),20.0,0.0,20.0
2026-06-16,Mine B,Deep West,DT-103,Dump Truck (60T),20.0,2.2,17.8
2026-06-16,Mine B,Deep West,DR-01,Rotary Blast Drill,20.0,0.1,19.9
2026-06-16,Mine B,Deep West,WL-01,Wheel Loader,20.0,0.9,19.1
2026-06-17,Mine A,North Block,EX-01,Hydraulic Excavator,20.0,1.2,18.8
2026-06-17,Mine A,North Block,EX-02,Hydraulic Excavator,20.0,1.4,18.6
2026-06-17,Mine A,North Block,DT-101,Dump Truck (60T),20.0,1.6,18.4
2026-06-17,Mine A,North Block,DT-102,Dump Truck (60T),20.0,0.4,19.6
2026-06-17,Mine A,North Block,DT-103,Dump Truck (60T),20.0,0.0,20.0
2026-06-17,Mine A,North Block,DR-01,Rotary Blast Drill,20.0,1.8,18.2
2026-06-17,Mine A,North Block,WL-01,Wheel Loader,20.0,1.1,18.9
2026-06-17,Mine A,South Pit,EX-01,Hydraulic Excavator,20.0,2.5,17.5
2026-06-17,Mine A,South Pit,EX-02,Hydraulic Excavator,20.0,2.4,17.6
2026-06-17,Mine A,South Pit,DT-101,Dump Truck (60T),20.0,2.6,17.4
2026-06-17,Mine A,South Pit,DT-102,Dump Truck (60T),20.0,0.9,19.1
2026-06-17,Mine A,South Pit,DT-103,Dump Truck (60T),20.0,0.6,19.4
2026-06-17,Mine A,South Pit,DR-01,Rotary Blast Drill,20.0,2.2,17.8
2026-06-17,Mine A,South Pit,WL-01,Wheel Loader,20.0,0.8,19.2
2026-06-17,Mine B,East Ridge,EX-01,Hydraulic Excavator,20.0,0.3,19.7
2026-06-17,Mine B,East Ridge,EX-02,Hydraulic Excavator,20.0,2.7,17.3
2026-06-17,Mine B,East Ridge,DT-101,Dump Truck (60T),20.0,3.0,17.0
2026-06-17,Mine B,East Ridge,DT-102,Dump Truck (60T),20.0,0.9,19.1
2026-06-17,Mine B,East Ridge,DT-103,Dump Truck (60T),20.0,0.1,19.9
2026-06-17,Mine B,East Ridge,DR-01,Rotary Blast Drill,20.0,0.7,19.3
2026-06-17,Mine B,East Ridge,WL-01,Wheel Loader,20.0,2.3,17.7
2026-06-17,Mine B,Deep West,EX-01,Hydraulic Excavator,20.0,3.2,16.8
2026-06-17,Mine B,Deep West,EX-02,Hydraulic Excavator,20.0,0.3,19.7
2026-06-17,Mine B,Deep West,DT-101,Dump Truck (60T),20.0,0.1,19.9
2026-06-17,Mine B,Deep West,DT-102,Dump Truck (60T),20.0,2.9,17.1
2026-06-17,Mine B,Deep West,DT-103,Dump Truck (60T),20.0,0.7,19.3
2026-06-17,Mine B,Deep West,DR-01,Rotary Blast Drill,20.0,1.1,18.9
2026-06-17,Mine B,Deep West,WL-01,Wheel Loader,20.0,4.8,15.2
2026-06-18,Mine A,North Block,EX-01,Hydraulic Excavator,20.0,0.1,19.9
2026-06-18,Mine A,North Block,EX-02,Hydraulic Excavator,20.0,1.5,18.5
2026-06-18,Mine A,North Block,DT-101,Dump Truck (60T),20.0,0.1,19.9
2026-06-18,Mine A,North Block,DT-102,Dump Truck (60T),20.0,0.7,19.3
2026-06-18,Mine A,North Block,DT-103,Dump Truck (60T),20.0,2.3,17.7
2026-06-18,Mine A,North Block,DR-01,Rotary Blast Drill,20.0,0.8,19.2
2026-06-18,Mine A,North Block,WL-01,Wheel Loader,20.0,8.0,12.0
2026-06-18,Mine A,South Pit,EX-01,Hydraulic Excavator,20.0,1.1,18.9
2026-06-18,Mine A,South Pit,EX-02,Hydraulic Excavator,20.0,0.5,19.5
2026-06-18,Mine A,South Pit,DT-101,Dump Truck (60T),20.0,0.3,19.7
2026-06-18,Mine A,South Pit,DT-102,Dump Truck (60T),20.0,0.6,19.4
2026-06-18,Mine A,South Pit,DT-103,Dump Truck (60T),20.0,0.7,19.3
2026-06-18,Mine A,South Pit,DR-01,Rotary Blast Drill,20.0,0.1,19.9
2026-06-18,Mine A,South Pit,WL-01,Wheel Loader,20.0,0.6,19.4
2026-06-18,Mine B,East Ridge,EX-01,Hydraulic Excavator,20.0,0.9,19.1
2026-06-18,Mine B,East Ridge,EX-02,Hydraulic Excavator,20.0,1.8,18.2
2026-06-18,Mine B,East Ridge,DT-101,Dump Truck (60T),20.0,1.5,18.5
2026-06-18,Mine B,East Ridge,DT-102,Dump Truck (60T),20.0,1.7,18.3
2026-06-18,Mine B,East Ridge,DT-103,Dump Truck (60T),20.0,0.0,20.0
2026-06-18,Mine B,East Ridge,DR-01,Rotary Blast Drill,20.0,0.3,19.7
2026-06-18,Mine B,East Ridge,WL-01,Wheel Loader,20.0,1.5,18.5
2026-06-18,Mine B,Deep West,EX-01,Hydraulic Excavator,20.0,0.9,19.1
2026-06-18,Mine B,Deep West,EX-02,Hydraulic Excavator,20.0,0.0,20.0
2026-06-18,Mine B,Deep West,DT-101,Dump Truck (60T),20.0,2.3,17.7
2026-06-18,Mine B,Deep West,DT-102,Dump Truck (60T),20.0,2.1,17.9
2026-06-18,Mine B,Deep West,DT-103,Dump Truck (60T),20.0,1.1,18.9
2026-06-18,Mine B,Deep West,DR-01,Rotary Blast Drill,20.0,0.1,19.9
2026-06-18,Mine B,Deep West,WL-01,Wheel Loader,20.0,2.0,18.0
2026-06-19,Mine A,North Block,EX-01,Hydraulic Excavator,20.0,1.2,18.8
2026-06-19,Mine A,North Block,EX-02,Hydraulic Excavator,20.0,2.1,17.9
2026-06-19,Mine A,North Block,DT-101,Dump Truck (60T),20.0,2.0,18.0
2026-06-19,Mine A,North Block,DT-102,Dump Truck (60T),20.0,2.3,17.7
2026-06-19,Mine A,North Block,DT-103,Dump Truck (60T),20.0,1.0,19.0
2026-06-19,Mine A,North Block,DR-01,Rotary Blast Drill,20.0,0.2,19.8
2026-06-19,Mine A,North Block,WL-01,Wheel Loader,20.0,1.6,18.4
2026-06-19,Mine A,South Pit,EX-01,Hydraulic Excavator,20.0,1.4,18.6
2026-06-19,Mine A,South Pit,EX-02,Hydraulic Excavator,20.0,1.9,18.1
2026-06-19,Mine A,South Pit,DT-101,Dump Truck (60T),20.0,0.3,19.7
2026-06-19,Mine A,South Pit,DT-102,Dump Truck (60T),20.0,0.3,19.7
2026-06-19,Mine A,South Pit,DT-103,Dump Truck (60T),20.0,3.1,16.9
2026-06-19,Mine A,South Pit,DR-01,Rotary Blast Drill,20.0,1.9,18.1
2026-06-19,Mine A,South Pit,WL-01,Wheel Loader,20.0,3.3,16.7
2026-06-19,Mine B,East Ridge,EX-01,Hydraulic Excavator,20.0,2.0,18.0
2026-06-19,Mine B,East Ridge,EX-02,Hydraulic Excavator,20.0,1.3,18.7
2026-06-19,Mine B,East Ridge,DT-101,Dump Truck (60T),20.0,1.5,18.5
2026-06-19,Mine B,East Ridge,DT-102,Dump Truck (60T),20.0,3.1,16.9
2026-06-19,Mine B,East Ridge,DT-103,Dump Truck (60T),20.0,1.2,18.8
2026-06-19,Mine B,East Ridge,DR-01,Rotary Blast Drill,20.0,1.4,18.6
2026-06-19,Mine B,East Ridge,WL-01,Wheel Loader,20.0,0.2,19.8
2026-06-19,Mine B,Deep West,EX-01,Hydraulic Excavator,20.0,0.9,19.1
2026-06-19,Mine B,Deep West,EX-02,Hydraulic Excavator,20.0,1.8,18.2
2026-06-19,Mine B,Deep West,DT-101,Dump Truck (60T),20.0,0.4,19.6
2026-06-19,Mine B,Deep West,DT-102,Dump Truck (60T),20.0,0.3,19.7
2026-06-19,Mine B,Deep West,DT-103,Dump Truck (60T),20.0,0.5,19.5
2026-06-19,Mine B,Deep West,DR-01,Rotary Blast Drill,20.0,0.4,19.6
2026-06-19,Mine B,Deep West,WL-01,Wheel Loader,20.0,0.3,19.7
2026-06-20,Mine A,North Block,EX-01,Hydraulic Excavator,20.0,0.8,19.2
2026-06-20,Mine A,North Block,EX-02,Hydraulic Excavator,20.0,3.3,16.7
2026-06-20,Mine A,North Block,DT-101,Dump Truck (60T),20.0,1.0,19.0
2026-06-20,Mine A,North Block,DT-102,Dump Truck (60T),20.0,0.3,19.7
2026-06-20,Mine A,North Block,DT-103,Dump Truck (60T),20.0,0.1,19.9
2026-06-20,Mine A,North Block,DR-01,Rotary Blast Drill,20.0,1.7,18.3
2026-06-20,Mine A,North Block,WL-01,Wheel Loader,20.0,0.7,19.3
2026-06-20,Mine A,South Pit,EX-01,Hydraulic Excavator,20.0,2.4,17.6
2026-06-20,Mine A,South Pit,EX-02,Hydraulic Excavator,20.0,1.5,18.5
2026-06-20,Mine A,South Pit,DT-101,Dump Truck (60T),20.0,2.2,17.8
2026-06-20,Mine A,South Pit,DT-102,Dump Truck (60T),20.0,0.4,19.6
2026-06-20,Mine A,South Pit,DT-103,Dump Truck (60T),20.0,1.7,18.3
2026-06-20,Mine A,South Pit,DR-01,Rotary Blast Drill,20.0,0.4,19.6
2026-06-20,Mine A,South Pit,WL-01,Wheel Loader,20.0,3.9,16.1
2026-06-20,Mine B,East Ridge,EX-01,Hydraulic Excavator,20.0,1.4,18.6
2026-06-20,Mine B,East Ridge,EX-02,Hydraulic Excavator,20.0,0.5,19.5
2026-06-20,Mine B,East Ridge,DT-101,Dump Truck (60T),20.0,0.4,19.6
2026-06-20,Mine B,East Ridge,DT-102,Dump Truck (60T),20.0,0.3,19.7
2026-06-20,Mine B,East Ridge,DT-103,Dump Truck (60T),20.0,1.7,18.3
2026-06-20,Mine B,East Ridge,DR-01,Rotary Blast Drill,20.0,0.3,19.7
2026-06-20,Mine B,East Ridge,WL-01,Wheel Loader,20.0,1.3,18.7
2026-06-20,Mine B,Deep West,EX-01,Hydraulic Excavator,20.0,0.4,19.6
2026-06-20,Mine B,Deep West,EX-02,Hydraulic Excavator,20.0,1.5,18.5
2026-06-20,Mine B,Deep West,DT-101,Dump Truck (60T),20.0,2.4,17.6
2026-06-20,Mine B,Deep West,DT-102,Dump Truck (60T),20.0,2.1,17.9
2026-06-20,Mine B,Deep West,DT-103,Dump Truck (60T),20.0,2.0,18.0
2026-06-20,Mine B,Deep West,DR-01,Rotary Blast Drill,20.0,0.3,19.7
2026-06-20,Mine B,Deep West,WL-01,Wheel Loader,20.0,0.1,19.9
2026-06-21,Mine A,North Block,EX-01,Hydraulic Excavator,20.0,1.7,18.3
2026-06-21,Mine A,North Block,EX-02,Hydraulic Excavator,20.0,0.6,19.4
2026-06-21,Mine A,North Block,DT-101,Dump Truck (60T),20.0,0.8,19.2
2026-06-21,Mine A,North Block,DT-102,Dump Truck (60T),20.0,0.0,20.0
2026-06-21,Mine A,North Block,DT-103,Dump Truck (60T),20.0,0.4,19.6
2026-06-21,Mine A,North Block,DR-01,Rotary Blast Drill,20.0,0.0,20.0
2026-06-21,Mine A,North Block,WL-01,Wheel Loader,20.0,3.0,17.0
2026-06-21,Mine A,South Pit,EX-01,Hydraulic Excavator,20.0,0.4,19.6
2026-06-21,Mine A,South Pit,EX-02,Hydraulic Excavator,20.0,1.1,18.9
2026-06-21,Mine A,South Pit,DT-101,Dump Truck (60T),20.0,0.1,19.9
2026-06-21,Mine A,South Pit,DT-102,Dump Truck (60T),20.0,1.5,18.5
2026-06-21,Mine A,South Pit,DT-103,Dump Truck (60T),20.0,0.5,19.5
2026-06-21,Mine A,South Pit,DR-01,Rotary Blast Drill,20.0,3.2,16.8
2026-06-21,Mine A,South Pit,WL-01,Wheel Loader,20.0,3.1,16.9
2026-06-21,Mine B,East Ridge,EX-01,Hydraulic Excavator,20.0,0.6,19.4
2026-06-21,Mine B,East Ridge,EX-02,Hydraulic Excavator,20.0,3.2,16.8
2026-06-21,Mine B,East Ridge,DT-101,Dump Truck (60T),20.0,7.8,12.2
2026-06-21,Mine B,East Ridge,DT-102,Dump Truck (60T),20.0,2.4,17.6
2026-06-21,Mine B,East Ridge,DT-103,Dump Truck (60T),20.0,2.6,17.4
2026-06-21,Mine B,East Ridge,DR-01,Rotary Blast Drill,20.0,0.4,19.6
2026-06-21,Mine B,East Ridge,WL-01,Wheel Loader,20.0,1.2,18.8
2026-06-21,Mine B,Deep West,EX-01,Hydraulic Excavator,20.0,0.1,19.9
2026-06-21,Mine B,Deep West,EX-02,Hydraulic Excavator,20.0,0.1,19.9
2026-06-21,Mine B,Deep West,DT-101,Dump Truck (60T),20.0,8.0,12.0
2026-06-21,Mine B,Deep West,DT-102,Dump Truck (60T),20.0,0.6,19.4
2026-06-21,Mine B,Deep West,DT-103,Dump Truck (60T),20.0,1.9,18.1
2026-06-21,Mine B,Deep West,DR-01,Rotary Blast Drill,20.0,2.3,17.7
2026-06-21,Mine B,Deep West,WL-01,Wheel Loader,20.0,2.7,17.3
2026-06-22,Mine A,North Block,EX-01,Hydraulic Excavator,20.0,8.0,12.0
2026-06-22,Mine A,North Block,EX-02,Hydraulic Excavator,20.0,0.4,19.6
2026-06-22,Mine A,North Block,DT-101,Dump Truck (60T),20.0,0.1,19.9
2026-06-22,Mine A,North Block,DT-102,Dump Truck (60T),20.0,0.7,19.3
2026-06-22,Mine A,North Block,DT-103,Dump Truck (60T),20.0,0.2,19.8
2026-06-22,Mine A,North Block,DR-01,Rotary Blast Drill,20.0,0.0,20.0
2026-06-22,Mine A,North Block,WL-01,Wheel Loader,20.0,0.6,19.4
2026-06-22,Mine A,South Pit,EX-01,Hydraulic Excavator,20.0,2.1,17.9
2026-06-22,Mine A,South Pit,EX-02,Hydraulic Excavator,20.0,1.2,18.8
2026-06-22,Mine A,South Pit,DT-101,Dump Truck (60T),20.0,0.5,19.5
2026-06-22,Mine A,South Pit,DT-102,Dump Truck (60T),20.0,1.5,18.5
2026-06-22,Mine A,South Pit,DT-103,Dump Truck (60T),20.0,0.4,19.6
2026-06-22,Mine A,South Pit,DR-01,Rotary Blast Drill,20.0,0.0,20.0
2026-06-22,Mine A,South Pit,WL-01,Wheel Loader,20.0,2.0,18.0
2026-06-22,Mine B,East Ridge,EX-01,Hydraulic Excavator,20.0,1.4,18.6
2026-06-22,Mine B,East Ridge,EX-02,Hydraulic Excavator,20.0,2.0,18.0
2026-06-22,Mine B,East Ridge,DT-101,Dump Truck (60T),20.0,0.1,19.9
2026-06-22,Mine B,East Ridge,DT-102,Dump Truck (60T),20.0,2.5,17.5
2026-06-22,Mine B,East Ridge,DT-103,Dump Truck (60T),20.0,1.4,18.6
2026-06-22,Mine B,East Ridge,DR-01,Rotary Blast Drill,20.0,1.2,18.8
2026-06-22,Mine B,East Ridge,WL-01,Wheel Loader,20.0,1.4,18.6
2026-06-22,Mine B,Deep West,EX-01,Hydraulic Excavator,20.0,2.8,17.2
2026-06-22,Mine B,Deep West,EX-02,Hydraulic Excavator,20.0,1.2,18.8
2026-06-22,Mine B,Deep West,DT-101,Dump Truck (60T),20.0,1.2,18.8
2026-06-22,Mine B,Deep West,DT-102,Dump Truck (60T),20.0,6.5,13.5
2026-06-22,Mine B,Deep West,DT-103,Dump Truck (60T),20.0,2.0,18.0
2026-06-22,Mine B,Deep West,DR-01,Rotary Blast Drill,20.0,0.8,19.2
2026-06-22,Mine B,Deep West,WL-01,Wheel Loader,20.0,1.7,18.3
2026-06-23,Mine A,North Block,EX-01,Hydraulic Excavator,20.0,0.7,19.3
2026-06-23,Mine A,North Block,EX-02,Hydraulic Excavator,20.0,0.4,19.6
2026-06-23,Mine A,North Block,DT-101,Dump Truck (60T),20.0,1.3,18.7
2026-06-23,Mine A,North Block,DT-102,Dump Truck (60T),20.0,3.7,16.3
2026-06-23,Mine A,North Block,DT-103,Dump Truck (60T),20.0,3.7,16.3
2026-06-23,Mine A,North Block,DR-01,Rotary Blast Drill,20.0,0.6,19.4
2026-06-23,Mine A,North Block,WL-01,Wheel Loader,20.0,1.1,18.9
2026-06-23,Mine A,South Pit,EX-01,Hydraulic Excavator,20.0,0.3,19.7
2026-06-23,Mine A,South Pit,EX-02,Hydraulic Excavator,20.0,7.6,12.4
2026-06-23,Mine A,South Pit,DT-101,Dump Truck (60T),20.0,5.6,14.4
2026-06-23,Mine A,South Pit,DT-102,Dump Truck (60T),20.0,1.5,18.5
2026-06-23,Mine A,South Pit,DT-103,Dump Truck (60T),20.0,2.3,17.7
2026-06-23,Mine A,South Pit,DR-01,Rotary Blast Drill,20.0,1.8,18.2
2026-06-23,Mine A,South Pit,WL-01,Wheel Loader,20.0,1.3,18.7
2026-06-23,Mine B,East Ridge,EX-01,Hydraulic Excavator,20.0,0.1,19.9
2026-06-23,Mine B,East Ridge,EX-02,Hydraulic Excavator,20.0,0.8,19.2
2026-06-23,Mine B,East Ridge,DT-101,Dump Truck (60T),20.0,1.6,18.4
2026-06-23,Mine B,East Ridge,DT-102,Dump Truck (60T),20.0,1.6,18.4
2026-06-23,Mine B,East Ridge,DT-103,Dump Truck (60T),20.0,0.7,19.3
2026-06-23,Mine B,East Ridge,DR-01,Rotary Blast Drill,20.0,4.0,16.0
2026-06-23,Mine B,East Ridge,WL-01,Wheel Loader,20.0,0.3,19.7
2026-06-23,Mine B,Deep West,EX-01,Hydraulic Excavator,20.0,1.0,19.0
2026-06-23,Mine B,Deep West,EX-02,Hydraulic Excavator,20.0,1.6,18.4
2026-06-23,Mine B,Deep West,DT-101,Dump Truck (60T),20.0,1.7,18.3
2026-06-23,Mine B,Deep West,DT-102,Dump Truck (60T),20.0,1.5,18.5
2026-06-23,Mine B,Deep West,DT-103,Dump Truck (60T),20.0,0.5,19.5
2026-06-23,Mine B,Deep West,DR-01,Rotary Blast Drill,20.0,0.2,19.8
2026-06-23,Mine B,Deep West,WL-01,Wheel Loader,20.0,1.4,18.6
2026-06-24,Mine A,North Block,EX-01,Hydraulic Excavator,20.0,1.3,18.7
2026-06-24,Mine A,North Block,EX-02,Hydraulic Excavator,20.0,0.3,19.7
2026-06-24,Mine A,North Block,DT-101,Dump Truck (60T),20.0,1.7,18.3
2026-06-24,Mine A,North Block,DT-102,Dump Truck (60T),20.0,0.9,19.1
2026-06-24,Mine A,North Block,DT-103,Dump Truck (60T),20.0,1.5,18.5
2026-06-24,Mine A,North Block,DR-01,Rotary Blast Drill,20.0,2.5,17.5
2026-06-24,Mine A,North Block,WL-01,Wheel Loader,20.0,0.3,19.7
2026-06-24,Mine A,South Pit,EX-01,Hydraulic Excavator,20.0,0.0,20.0
2026-06-24,Mine A,South Pit,EX-02,Hydraulic Excavator,20.0,2.1,17.9
2026-06-24,Mine A,South Pit,DT-101,Dump Truck (60T),20.0,1.3,18.7
2026-06-24,Mine A,South Pit,DT-102,Dump Truck (60T),20.0,1.7,18.3
2026-06-24,Mine A,South Pit,DT-103,Dump Truck (60T),20.0,2.5,17.5
2026-06-24,Mine A,South Pit,DR-01,Rotary Blast Drill,20.0,2.3,17.7
2026-06-24,Mine A,South Pit,WL-01,Wheel Loader,20.0,4.5,15.5
2026-06-24,Mine B,East Ridge,EX-01,Hydraulic Excavator,20.0,1.1,18.9
2026-06-24,Mine B,East Ridge,EX-02,Hydraulic Excavator,20.0,0.9,19.1
2026-06-24,Mine B,East Ridge,DT-101,Dump Truck (60T),20.0,0.7,19.3
2026-06-24,Mine B,East Ridge,DT-102,Dump Truck (60T),20.0,0.2,19.8
2026-06-24,Mine B,East Ridge,DT-103,Dump Truck (60T),20.0,1.2,18.8
2026-06-24,Mine B,East Ridge,DR-01,Rotary Blast Drill,20.0,0.5,19.5
2026-06-24,Mine B,East Ridge,WL-01,Wheel Loader,20.0,3.6,16.4
2026-06-24,Mine B,Deep West,EX-01,Hydraulic Excavator,20.0,1.2,18.8
2026-06-24,Mine B,Deep West,EX-02,Hydraulic Excavator,20.0,1.3,18.7
2026-06-24,Mine B,Deep West,DT-101,Dump Truck (60T),20.0,0.6,19.4
2026-06-24,Mine B,Deep West,DT-102,Dump Truck (60T),20.0,0.1,19.9
2026-06-24,Mine B,Deep West,DT-103,Dump Truck (60T),20.0,0.0,20.0
2026-06-24,Mine B,Deep West,DR-01,Rotary Blast Drill,20.0,0.8,19.2
2026-06-24,Mine B,Deep West,WL-01,Wheel Loader,20.0,0.1,19.9
2026-06-25,Mine A,North Block,EX-01,Hydraulic Excavator,20.0,1.3,18.7
2026-06-25,Mine A,North Block,EX-02,Hydraulic Excavator,20.0,3.0,17.0
2026-06-25,Mine A,North Block,DT-101,Dump Truck (60T),20.0,3.0,17.0
2026-06-25,Mine A,North Block,DT-102,Dump Truck (60T),20.0,1.5,18.5
2026-06-25,Mine A,North Block,DT-103,Dump Truck (60T),20.0,0.3,19.7
2026-06-25,Mine A,North Block,DR-01,Rotary Blast Drill,20.0,2.8,17.2
2026-06-25,Mine A,North Block,WL-01,Wheel Loader,20.0,3.0,17.0
2026-06-25,Mine A,South Pit,EX-01,Hydraulic Excavator,20.0,0.3,19.7
2026-06-25,Mine A,South Pit,EX-02,Hydraulic Excavator,20.0,1.9,18.1
2026-06-25,Mine A,South Pit,DT-101,Dump Truck (60T),20.0,0.5,19.5
2026-06-25,Mine A,South Pit,DT-102,Dump Truck (60T),20.0,2.3,17.7
2026-06-25,Mine A,South Pit,DT-103,Dump Truck (60T),20.0,8.0,12.0
2026-06-25,Mine A,South Pit,DR-01,Rotary Blast Drill,20.0,0.0,20.0
2026-06-25,Mine A,South Pit,WL-01,Wheel Loader,20.0,3.2,16.8
2026-06-25,Mine B,East Ridge,EX-01,Hydraulic Excavator,20.0,1.4,18.6
2026-06-25,Mine B,East Ridge,EX-02,Hydraulic Excavator,20.0,5.1,14.9
2026-06-25,Mine B,East Ridge,DT-101,Dump Truck (60T),20.0,0.9,19.1
2026-06-25,Mine B,East Ridge,DT-102,Dump Truck (60T),20.0,2.6,17.4
2026-06-25,Mine B,East Ridge,DT-103,Dump Truck (60T),20.0,0.1,19.9
2026-06-25,Mine B,East Ridge,DR-01,Rotary Blast Drill,20.0,0.6,19.4
2026-06-25,Mine B,East Ridge,WL-01,Wheel Loader,20.0,0.1,19.9
2026-06-25,Mine B,Deep West,EX-01,Hydraulic Excavator,20.0,5.2,14.8
2026-06-25,Mine B,Deep West,EX-02,Hydraulic Excavator,20.0,2.4,17.6
2026-06-25,Mine B,Deep West,DT-101,Dump Truck (60T),20.0,2.7,17.3
2026-06-25,Mine B,Deep West,DT-102,Dump Truck (60T),20.0,3.9,16.1
2026-06-25,Mine B,Deep West,DT-103,Dump Truck (60T),20.0,0.1,19.9
2026-06-25,Mine B,Deep West,DR-01,Rotary Blast Drill,20.0,0.7,19.3
2026-06-25,Mine B,Deep West,WL-01,Wheel Loader,20.0,0.1,19.9
2026-06-26,Mine A,North Block,EX-01,Hydraulic Excavator,20.0,0.3,19.7
2026-06-26,Mine A,North Block,EX-02,Hydraulic Excavator,20.0,0.4,19.6
2026-06-26,Mine A,North Block,DT-101,Dump Truck (60T),20.0,0.9,19.1
2026-06-26,Mine A,North Block,DT-102,Dump Truck (60T),20.0,0.4,19.6
2026-06-26,Mine A,North Block,DT-103,Dump Truck (60T),20.0,0.1,19.9
2026-06-26,Mine A,North Block,DR-01,Rotary Blast Drill,20.0,0.3,19.7
2026-06-26,Mine A,North Block,WL-01,Wheel Loader,20.0,0.2,19.8
2026-06-26,Mine A,South Pit,EX-01,Hydraulic Excavator,20.0,5.1,14.9
2026-06-26,Mine A,South Pit,EX-02,Hydraulic Excavator,20.0,2.0,18.0
2026-06-26,Mine A,South Pit,DT-101,Dump Truck (60T),20.0,4.8,15.2
2026-06-26,Mine A,South Pit,DT-102,Dump Truck (60T),20.0,0.8,19.2
2026-06-26,Mine A,South Pit,DT-103,Dump Truck (60T),20.0,0.5,19.5
2026-06-26,Mine A,South Pit,DR-01,Rotary Blast Drill,20.0,2.2,17.8
2026-06-26,Mine A,South Pit,WL-01,Wheel Loader,20.0,0.6,19.4
2026-06-26,Mine B,East Ridge,EX-01,Hydraulic Excavator,20.0,0.5,19.5
2026-06-26,Mine B,East Ridge,EX-02,Hydraulic Excavator,20.0,0.4,19.6
2026-06-26,Mine B,East Ridge,DT-101,Dump Truck (60T),20.0,0.2,19.8
2026-06-26,Mine B,East Ridge,DT-102,Dump Truck (60T),20.0,0.4,19.6
2026-06-26,Mine B,East Ridge,DT-103,Dump Truck (60T),20.0,0.6,19.4
2026-06-26,Mine B,East Ridge,DR-01,Rotary Blast Drill,20.0,1.6,18.4
2026-06-26,Mine B,East Ridge,WL-01,Wheel Loader,20.0,0.1,19.9
2026-06-26,Mine B,Deep West,EX-01,Hydraulic Excavator,20.0,0.3,19.7
2026-06-26,Mine B,Deep West,EX-02,Hydraulic Excavator,20.0,2.3,17.7
2026-06-26,Mine B,Deep West,DT-101,Dump Truck (60T),20.0,0.2,19.8
2026-06-26,Mine B,Deep West,DT-102,Dump Truck (60T),20.0,0.6,19.4
2026-06-26,Mine B,Deep West,DT-103,Dump Truck (60T),20.0,2.8,17.2
2026-06-26,Mine B,Deep West,DR-01,Rotary Blast Drill,20.0,0.2,19.8
2026-06-26,Mine B,Deep West,WL-01,Wheel Loader,20.0,0.1,19.9
2026-06-27,Mine A,North Block,EX-01,Hydraulic Excavator,20.0,0.9,19.1
2026-06-27,Mine A,North Block,EX-02,Hydraulic Excavator,20.0,0.5,19.5
2026-06-27,Mine A,North Block,DT-101,Dump Truck (60T),20.0,1.2,18.8
2026-06-27,Mine A,North Block,DT-102,Dump Truck (60T),20.0,2.3,17.7
2026-06-27,Mine A,North Block,DT-103,Dump Truck (60T),20.0,0.2,19.8
2026-06-27,Mine A,North Block,DR-01,Rotary Blast Drill,20.0,1.2,18.8
2026-06-27,Mine A,North Block,WL-01,Wheel Loader,20.0,1.0,19.0
2026-06-27,Mine A,South Pit,EX-01,Hydraulic Excavator,20.0,0.2,19.8
2026-06-27,Mine A,South Pit,EX-02,Hydraulic Excavator,20.0,1.4,18.6
2026-06-27,Mine A,South Pit,DT-101,Dump Truck (60T),20.0,0.4,19.6
2026-06-27,Mine A,South Pit,DT-102,Dump Truck (60T),20.0,0.9,19.1
2026-06-27,Mine A,South Pit,DT-103,Dump Truck (60T),20.0,0.1,19.9
2026-06-27,Mine A,South Pit,DR-01,Rotary Blast Drill,20.0,0.9,19.1
2026-06-27,Mine A,South Pit,WL-01,Wheel Loader,20.0,0.5,19.5
2026-06-27,Mine B,East Ridge,EX-01,Hydraulic Excavator,20.0,2.4,17.6
2026-06-27,Mine B,East Ridge,EX-02,Hydraulic Excavator,20.0,0.1,19.9
2026-06-27,Mine B,East Ridge,DT-101,Dump Truck (60T),20.0,0.8,19.2
2026-06-27,Mine B,East Ridge,DT-102,Dump Truck (60T),20.0,0.9,19.1
2026-06-27,Mine B,East Ridge,DT-103,Dump Truck (60T),20.0,1.8,18.2
2026-06-27,Mine B,East Ridge,DR-01,Rotary Blast Drill,20.0,1.2,18.8
2026-06-27,Mine B,East Ridge,WL-01,Wheel Loader,20.0,1.5,18.5
2026-06-27,Mine B,Deep West,EX-01,Hydraulic Excavator,20.0,2.1,17.9
2026-06-27,Mine B,Deep West,EX-02,Hydraulic Excavator,20.0,2.8,17.2
2026-06-27,Mine B,Deep West,DT-101,Dump Truck (60T),20.0,0.5,19.5
2026-06-27,Mine B,Deep West,DT-102,Dump Truck (60T),20.0,1.1,18.9
2026-06-27,Mine B,Deep West,DT-103,Dump Truck (60T),20.0,2.6,17.4
2026-06-27,Mine B,Deep West,DR-01,Rotary Blast Drill,20.0,6.4,13.6
2026-06-27,Mine B,Deep West,WL-01,Wheel Loader,20.0,3.1,16.9
2026-06-28,Mine A,North Block,EX-01,Hydraulic Excavator,20.0,0.7,19.3
2026-06-28,Mine A,North Block,EX-02,Hydraulic Excavator,20.0,0.3,19.7
2026-06-28,Mine A,North Block,DT-101,Dump Truck (60T),20.0,0.9,19.1
2026-06-28,Mine A,North Block,DT-102,Dump Truck (60T),20.0,1.9,18.1
2026-06-28,Mine A,North Block,DT-103,Dump Truck (60T),20.0,0.9,19.1
2026-06-28,Mine A,North Block,DR-01,Rotary Blast Drill,20.0,0.9,19.1
2026-06-28,Mine A,North Block,WL-01,Wheel Loader,20.0,2.6,17.4
2026-06-28,Mine A,South Pit,EX-01,Hydraulic Excavator,20.0,0.6,19.4
2026-06-28,Mine A,South Pit,EX-02,Hydraulic Excavator,20.0,2.8,17.2
2026-06-28,Mine A,South Pit,DT-101,Dump Truck (60T),20.0,0.7,19.3
2026-06-28,Mine A,South Pit,DT-102,Dump Truck (60T),20.0,0.6,19.4
2026-06-28,Mine A,South Pit,DT-103,Dump Truck (60T),20.0,0.8,19.2
2026-06-28,Mine A,South Pit,DR-01,Rotary Blast Drill,20.0,2.0,18.0
2026-06-28,Mine A,South Pit,WL-01,Wheel Loader,20.0,0.2,19.8
2026-06-28,Mine B,East Ridge,EX-01,Hydraulic Excavator,20.0,0.3,19.7
2026-06-28,Mine B,East Ridge,EX-02,Hydraulic Excavator,20.0,4.2,15.8
2026-06-28,Mine B,East Ridge,DT-101,Dump Truck (60T),20.0,0.3,19.7
2026-06-28,Mine B,East Ridge,DT-102,Dump Truck (60T),20.0,1.2,18.8
2026-06-28,Mine B,East Ridge,DT-103,Dump Truck (60T),20.0,1.2,18.8
2026-06-28,Mine B,East Ridge,DR-01,Rotary Blast Drill,20.0,0.9,19.1
2026-06-28,Mine B,East Ridge,WL-01,Wheel Loader,20.0,1.4,18.6
2026-06-28,Mine B,Deep West,EX-01,Hydraulic Excavator,20.0,0.4,19.6
2026-06-28,Mine B,Deep West,EX-02,Hydraulic Excavator,20.0,1.1,18.9
2026-06-28,Mine B,Deep West,DT-101,Dump Truck (60T),20.0,0.7,19.3
2026-06-28,Mine B,Deep West,DT-102,Dump Truck (60T),20.0,1.5,18.5
2026-06-28,Mine B,Deep West,DT-103,Dump Truck (60T),20.0,0.2,19.8
2026-06-28,Mine B,Deep West,DR-01,Rotary Blast Drill,20.0,1.2,18.8
2026-06-28,Mine B,Deep West,WL-01,Wheel Loader,20.0,0.3,19.7
2026-06-29,Mine A,North Block,EX-01,Hydraulic Excavator,20.0,0.5,19.5
2026-06-29,Mine A,North Block,EX-02,Hydraulic Excavator,20.0,0.3,19.7
2026-06-29,Mine A,North Block,DT-101,Dump Truck (60T),20.0,0.3,19.7
2026-06-29,Mine A,North Block,DT-102,Dump Truck (60T),20.0,2.4,17.6
2026-06-29,Mine A,North Block,DT-103,Dump Truck (60T),20.0,0.5,19.5
2026-06-29,Mine A,North Block,DR-01,Rotary Blast Drill,20.0,3.7,16.3
2026-06-29,Mine A,North Block,WL-01,Wheel Loader,20.0,4.9,15.1
2026-06-29,Mine A,South Pit,EX-01,Hydraulic Excavator,20.0,1.2,18.8
2026-06-29,Mine A,South Pit,EX-02,Hydraulic Excavator,20.0,0.2,19.8
2026-06-29,Mine A,South Pit,DT-101,Dump Truck (60T),20.0,0.7,19.3
2026-06-29,Mine A,South Pit,DT-102,Dump Truck (60T),20.0,2.2,17.8
2026-06-29,Mine A,South Pit,DT-103,Dump Truck (60T),20.0,0.6,19.4
2026-06-29,Mine A,South Pit,DR-01,Rotary Blast Drill,20.0,0.1,19.9
2026-06-29,Mine A,South Pit,WL-01,Wheel Loader,20.0,1.1,18.9
2026-06-29,Mine B,East Ridge,EX-01,Hydraulic Excavator,20.0,2.6,17.4
2026-06-29,Mine B,East Ridge,EX-02,Hydraulic Excavator,20.0,2.2,17.8
2026-06-29,Mine B,East Ridge,DT-101,Dump Truck (60T),20.0,0.3,19.7
2026-06-29,Mine B,East Ridge,DT-102,Dump Truck (60T),20.0,1.6,18.4
2026-06-29,Mine B,East Ridge,DT-103,Dump Truck (60T),20.0,0.3,19.7
2026-06-29,Mine B,East Ridge,DR-01,Rotary Blast Drill,20.0,0.3,19.7
2026-06-29,Mine B,East Ridge,WL-01,Wheel Loader,20.0,2.9,17.1
2026-06-29,Mine B,Deep West,EX-01,Hydraulic Excavator,20.0,0.4,19.6
2026-06-29,Mine B,Deep West,EX-02,Hydraulic Excavator,20.0,0.4,19.6
2026-06-29,Mine B,Deep West,DT-101,Dump Truck (60T),20.0,0.0,20.0
2026-06-29,Mine B,Deep West,DT-102,Dump Truck (60T),20.0,2.9,17.1
2026-06-29,Mine B,Deep West,DT-103,Dump Truck (60T),20.0,2.2,17.8
2026-06-29,Mine B,Deep West,DR-01,Rotary Blast Drill,20.0,1.4,18.6
2026-06-29,Mine B,Deep West,WL-01,Wheel Loader,20.0,1.9,18.1
2026-06-30,Mine A,North Block,EX-01,Hydraulic Excavator,20.0,0.2,19.8
2026-06-30,Mine A,North Block,EX-02,Hydraulic Excavator,20.0,0.9,19.1
2026-06-30,Mine A,North Block,DT-101,Dump Truck (60T),20.0,0.6,19.4
2026-06-30,Mine A,North Block,DT-102,Dump Truck (60T),20.0,0.1,19.9
2026-06-30,Mine A,North Block,DT-103,Dump Truck (60T),20.0,0.9,19.1
2026-06-30,Mine A,North Block,DR-01,Rotary Blast Drill,20.0,3.5,16.5
2026-06-30,Mine A,North Block,WL-01,Wheel Loader,20.0,0.1,19.9
2026-06-30,Mine A,South Pit,EX-01,Hydraulic Excavator,20.0,0.5,19.5
2026-06-30,Mine A,South Pit,EX-02,Hydraulic Excavator,20.0,0.3,19.7
2026-06-30,Mine A,South Pit,DT-101,Dump Truck (60T),20.0,0.4,19.6
2026-06-30,Mine A,South Pit,DT-102,Dump Truck (60T),20.0,3.3,16.7
2026-06-30,Mine A,South Pit,DT-103,Dump Truck (60T),20.0,0.9,19.1
2026-06-30,Mine A,South Pit,DR-01,Rotary Blast Drill,20.0,0.9,19.1
2026-06-30,Mine A,South Pit,WL-01,Wheel Loader,20.0,2.0,18.0
2026-06-30,Mine B,East Ridge,EX-01,Hydraulic Excavator,20.0,0.2,19.8
2026-06-30,Mine B,East Ridge,EX-02,Hydraulic Excavator,20.0,0.9,19.1
2026-06-30,Mine B,East Ridge,DT-101,Dump Truck (60T),20.0,0.8,19.2
2026-06-30,Mine B,East Ridge,DT-102,Dump Truck (60T),20.0,1.3,18.7
2026-06-30,Mine B,East Ridge,DT-103,Dump Truck (60T),20.0,8.0,12.0
2026-06-30,Mine B,East Ridge,DR-01,Rotary Blast Drill,20.0,2.1,17.9
2026-06-30,Mine B,East Ridge,WL-01,Wheel Loader,20.0,0.7,19.3
2026-06-30,Mine B,Deep West,EX-01,Hydraulic Excavator,20.0,2.5,17.5
2026-06-30,Mine B,Deep West,EX-02,Hydraulic Excavator,20.0,0.3,19.7
2026-06-30,Mine B,Deep West,DT-101,Dump Truck (60T),20.0,0.0,20.0
2026-06-30,Mine B,Deep West,DT-102,Dump Truck (60T),20.0,0.3,19.7
2026-06-30,Mine B,Deep West,DT-103,Dump Truck (60T),20.0,0.6,19.4
2026-06-30,Mine B,Deep West,DR-01,Rotary Blast Drill,20.0,1.0,19.0
2026-06-30,Mine B,Deep West,WL-01,Wheel Loader,20.0,1.3,18.7
2026-07-01,Mine A,North Block,EX-01,Hydraulic Excavator,20.0,3.4,16.6
2026-07-01,Mine A,North Block,EX-02,Hydraulic Excavator,20.0,1.0,19.0
2026-07-01,Mine A,North Block,DT-101,Dump Truck (60T),20.0,1.0,19.0
2026-07-01,Mine A,North Block,DT-102,Dump Truck (60T),20.0,0.1,19.9
2026-07-01,Mine A,North Block,DT-103,Dump Truck (60T),20.0,0.0,20.0
2026-07-01,Mine A,North Block,DR-01,Rotary Blast Drill,20.0,1.1,18.9
2026-07-01,Mine A,North Block,WL-01,Wheel Loader,20.0,0.8,19.2
2026-07-01,Mine A,South Pit,EX-01,Hydraulic Excavator,20.0,2.6,17.4
2026-07-01,Mine A,South Pit,EX-02,Hydraulic Excavator,20.0,0.2,19.8
2026-07-01,Mine A,South Pit,DT-101,Dump Truck (60T),20.0,0.0,20.0
2026-07-01,Mine A,South Pit,DT-102,Dump Truck (60T),20.0,0.8,19.2
2026-07-01,Mine A,South Pit,DT-103,Dump Truck (60T),20.0,0.4,19.6
2026-07-01,Mine A,South Pit,DR-01,Rotary Blast Drill,20.0,0.1,19.9
2026-07-01,Mine A,South Pit,WL-01,Wheel Loader,20.0,1.8,18.2
2026-07-01,Mine B,East Ridge,EX-01,Hydraulic Excavator,20.0,0.2,19.8
2026-07-01,Mine B,East Ridge,EX-02,Hydraulic Excavator,20.0,1.3,18.7
2026-07-01,Mine B,East Ridge,DT-101,Dump Truck (60T),20.0,0.5,19.5
2026-07-01,Mine B,East Ridge,DT-102,Dump Truck (60T),20.0,0.3,19.7
2026-07-01,Mine B,East Ridge,DT-103,Dump Truck (60T),20.0,0.7,19.3
2026-07-01,Mine B,East Ridge,DR-01,Rotary Blast Drill,20.0,2.3,17.7
2026-07-01,Mine B,East Ridge,WL-01,Wheel Loader,20.0,0.7,19.3
2026-07-01,Mine B,Deep West,EX-01,Hydraulic Excavator,20.0,1.9,18.1
2026-07-01,Mine B,Deep West,EX-02,Hydraulic Excavator,20.0,0.2,19.8
2026-07-01,Mine B,Deep West,DT-101,Dump Truck (60T),20.0,2.1,17.9
2026-07-01,Mine B,Deep West,DT-102,Dump Truck (60T),20.0,0.4,19.6
2026-07-01,Mine B,Deep West,DT-103,Dump Truck (60T),20.0,1.6,18.4
2026-07-01,Mine B,Deep West,DR-01,Rotary Blast Drill,20.0,1.2,18.8
2026-07-01,Mine B,Deep West,WL-01,Wheel Loader,20.0,3.7,16.3
2026-07-02,Mine A,North Block,EX-01,Hydraulic Excavator,20.0,0.7,19.3
2026-07-02,Mine A,North Block,EX-02,Hydraulic Excavator,20.0,0.1,19.9
2026-07-02,Mine A,North Block,DT-101,Dump Truck (60T),20.0,0.0,20.0
2026-07-02,Mine A,North Block,DT-102,Dump Truck (60T),20.0,2.5,17.5
2026-07-02,Mine A,North Block,DT-103,Dump Truck (60T),20.0,1.0,19.0
2026-07-02,Mine A,North Block,DR-01,Rotary Blast Drill,20.0,2.1,17.9
2026-07-02,Mine A,North Block,WL-01,Wheel Loader,20.0,0.4,19.6
2026-07-02,Mine A,South Pit,EX-01,Hydraulic Excavator,20.0,0.6,19.4
2026-07-02,Mine A,South Pit,EX-02,Hydraulic Excavator,20.0,0.0,20.0
2026-07-02,Mine A,South Pit,DT-101,Dump Truck (60T),20.0,4.6,15.4
2026-07-02,Mine A,South Pit,DT-102,Dump Truck (60T),20.0,1.5,18.5
2026-07-02,Mine A,South Pit,DT-103,Dump Truck (60T),20.0,3.8,16.2
2026-07-02,Mine A,South Pit,DR-01,Rotary Blast Drill,20.0,0.4,19.6
2026-07-02,Mine A,South Pit,WL-01,Wheel Loader,20.0,1.3,18.7
2026-07-02,Mine B,East Ridge,EX-01,Hydraulic Excavator,20.0,1.6,18.4
2026-07-02,Mine B,East Ridge,EX-02,Hydraulic Excavator,20.0,0.5,19.5
2026-07-02,Mine B,East Ridge,DT-101,Dump Truck (60T),20.0,2.6,17.4
2026-07-02,Mine B,East Ridge,DT-102,Dump Truck (60T),20.0,4.1,15.9
2026-07-02,Mine B,East Ridge,DT-103,Dump Truck (60T),20.0,3.0,17.0
2026-07-02,Mine B,East Ridge,DR-01,Rotary Blast Drill,20.0,1.9,18.1
2026-07-02,Mine B,East Ridge,WL-01,Wheel Loader,20.0,0.5,19.5
2026-07-02,Mine B,Deep West,EX-01,Hydraulic Excavator,20.0,0.5,19.5
2026-07-02,Mine B,Deep West,EX-02,Hydraulic Excavator,20.0,4.6,15.4
2026-07-02,Mine B,Deep West,DT-101,Dump Truck (60T),20.0,0.0,20.0
2026-07-02,Mine B,Deep West,DT-102,Dump Truck (60T),20.0,1.8,18.2
2026-07-02,Mine B,Deep West,DT-103,Dump Truck (60T),20.0,1.7,18.3
2026-07-02,Mine B,Deep West,DR-01,Rotary Blast Drill,20.0,1.4,18.6
2026-07-02,Mine B,Deep West,WL-01,Wheel Loader,20.0,6.5,13.5
2026-07-03,Mine A,North Block,EX-01,Hydraulic Excavator,20.0,0.5,19.5
2026-07-03,Mine A,North Block,EX-02,Hydraulic Excavator,20.0,0.6,19.4
2026-07-03,Mine A,North Block,DT-101,Dump Truck (60T),20.0,0.1,19.9
2026-07-03,Mine A,North Block,DT-102,Dump Truck (60T),20.0,0.8,19.2
2026-07-03,Mine A,North Block,DT-103,Dump Truck (60T),20.0,0.4,19.6
2026-07-03,Mine A,North Block,DR-01,Rotary Blast Drill,20.0,0.6,19.4
2026-07-03,Mine A,North Block,WL-01,Wheel Loader,20.0,2.5,17.5
2026-07-03,Mine A,South Pit,EX-01,Hydraulic Excavator,20.0,3.8,16.2
2026-07-03,Mine A,South Pit,EX-02,Hydraulic Excavator,20.0,0.3,19.7
2026-07-03,Mine A,South Pit,DT-101,Dump Truck (60T),20.0,0.7,19.3
2026-07-03,Mine A,South Pit,DT-102,Dump Truck (60T),20.0,3.7,16.3
2026-07-03,Mine A,South Pit,DT-103,Dump Truck (60T),20.0,0.1,19.9
2026-07-03,Mine A,South Pit,DR-01,Rotary Blast Drill,20.0,0.1,19.9
2026-07-03,Mine A,South Pit,WL-01,Wheel Loader,20.0,0.2,19.8
2026-07-03,Mine B,East Ridge,EX-01,Hydraulic Excavator,20.0,1.3,18.7
2026-07-03,Mine B,East Ridge,EX-02,Hydraulic Excavator,20.0,0.2,19.8
2026-07-03,Mine B,East Ridge,DT-101,Dump Truck (60T),20.0,4.8,15.2
2026-07-03,Mine B,East Ridge,DT-102,Dump Truck (60T),20.0,0.8,19.2
2026-07-03,Mine B,East Ridge,DT-103,Dump Truck (60T),20.0,1.0,19.0
2026-07-03,Mine B,East Ridge,DR-01,Rotary Blast Drill,20.0,0.4,19.6
2026-07-03,Mine B,East Ridge,WL-01,Wheel Loader,20.0,0.9,19.1
2026-07-03,Mine B,Deep West,EX-01,Hydraulic Excavator,20.0,1.5,18.5
2026-07-03,Mine B,Deep West,EX-02,Hydraulic Excavator,20.0,1.9,18.1
2026-07-03,Mine B,Deep West,DT-101,Dump Truck (60T),20.0,2.0,18.0
2026-07-03,Mine B,Deep West,DT-102,Dump Truck (60T),20.0,1.2,18.8
2026-07-03,Mine B,Deep West,DT-103,Dump Truck (60T),20.0,3.3,16.7
2026-07-03,Mine B,Deep West,DR-01,Rotary Blast Drill,20.0,2.4,17.6
2026-07-03,Mine B,Deep West,WL-01,Wheel Loader,20.0,2.0,18.0
2026-07-04,Mine A,North Block,EX-01,Hydraulic Excavator,20.0,0.1,19.9
2026-07-04,Mine A,North Block,EX-02,Hydraulic Excavator,20.0,0.0,20.0
2026-07-04,Mine A,North Block,DT-101,Dump Truck (60T),20.0,0.3,19.7
2026-07-04,Mine A,North Block,DT-102,Dump Truck (60T),20.0,1.5,18.5
2026-07-04,Mine A,North Block,DT-103,Dump Truck (60T),20.0,0.7,19.3
2026-07-04,Mine A,North Block,DR-01,Rotary Blast Drill,20.0,0.7,19.3
2026-07-04,Mine A,North Block,WL-01,Wheel Loader,20.0,3.0,17.0
2026-07-04,Mine A,South Pit,EX-01,Hydraulic Excavator,20.0,3.2,16.8
2026-07-04,Mine A,South Pit,EX-02,Hydraulic Excavator,20.0,3.4,16.6
2026-07-04,Mine A,South Pit,DT-101,Dump Truck (60T),20.0,0.5,19.5
2026-07-04,Mine A,South Pit,DT-102,Dump Truck (60T),20.0,1.6,18.4
2026-07-04,Mine A,South Pit,DT-103,Dump Truck (60T),20.0,0.4,19.6
2026-07-04,Mine A,South Pit,DR-01,Rotary Blast Drill,20.0,0.3,19.7
2026-07-04,Mine A,South Pit,WL-01,Wheel Loader,20.0,0.3,19.7
2026-07-04,Mine B,East Ridge,EX-01,Hydraulic Excavator,20.0,0.6,19.4
2026-07-04,Mine B,East Ridge,EX-02,Hydraulic Excavator,20.0,0.8,19.2
2026-07-04,Mine B,East Ridge,DT-101,Dump Truck (60T),20.0,2.5,17.5
2026-07-04,Mine B,East Ridge,DT-102,Dump Truck (60T),20.0,0.2,19.8
2026-07-04,Mine B,East Ridge,DT-103,Dump Truck (60T),20.0,1.9,18.1
2026-07-04,Mine B,East Ridge,DR-01,Rotary Blast Drill,20.0,1.1,18.9
2026-07-04,Mine B,East Ridge,WL-01,Wheel Loader,20.0,0.5,19.5
2026-07-04,Mine B,Deep West,EX-01,Hydraulic Excavator,20.0,1.0,19.0
2026-07-04,Mine B,Deep West,EX-02,Hydraulic Excavator,20.0,0.5,19.5
2026-07-04,Mine B,Deep West,DT-101,Dump Truck (60T),20.0,1.3,18.7
2026-07-04,Mine B,Deep West,DT-102,Dump Truck (60T),20.0,0.8,19.2
2026-07-04,Mine B,Deep West,DT-103,Dump Truck (60T),20.0,0.3,19.7
2026-07-04,Mine B,Deep West,DR-01,Rotary Blast Drill,20.0,0.2,19.8
2026-07-04,Mine B,Deep West,WL-01,Wheel Loader,20.0,1.1,18.9
2026-07-05,Mine A,North Block,EX-01,Hydraulic Excavator,20.0,3.3,16.7
2026-07-05,Mine A,North Block,EX-02,Hydraulic Excavator,20.0,0.6,19.4
2026-07-05,Mine A,North Block,DT-101,Dump Truck (60T),20.0,1.8,18.2
2026-07-05,Mine A,North Block,DT-102,Dump Truck (60T),20.0,1.5,18.5
2026-07-05,Mine A,North Block,DT-103,Dump Truck (60T),20.0,3.8,16.2
2026-07-05,Mine A,North Block,DR-01,Rotary Blast Drill,20.0,2.4,17.6
2026-07-05,Mine A,North Block,WL-01,Wheel Loader,20.0,1.2,18.8
2026-07-05,Mine A,South Pit,EX-01,Hydraulic Excavator,20.0,1.5,18.5
2026-07-05,Mine A,South Pit,EX-02,Hydraulic Excavator,20.0,3.2,16.8
2026-07-05,Mine A,South Pit,DT-101,Dump Truck (60T),20.0,0.7,19.3
2026-07-05,Mine A,South Pit,DT-102,Dump Truck (60T),20.0,0.6,19.4
2026-07-05,Mine A,South Pit,DT-103,Dump Truck (60T),20.0,0.0,20.0
2026-07-05,Mine A,South Pit,DR-01,Rotary Blast Drill,20.0,2.5,17.5
2026-07-05,Mine A,South Pit,WL-01,Wheel Loader,20.0,2.3,17.7
2026-07-05,Mine B,East Ridge,EX-01,Hydraulic Excavator,20.0,0.2,19.8
2026-07-05,Mine B,East Ridge,EX-02,Hydraulic Excavator,20.0,1.2,18.8
2026-07-05,Mine B,East Ridge,DT-101,Dump Truck (60T),20.0,0.9,19.1
2026-07-05,Mine B,East Ridge,DT-102,Dump Truck (60T),20.0,0.2,19.8
2026-07-05,Mine B,East Ridge,DT-103,Dump Truck (60T),20.0,5.5,14.5
2026-07-05,Mine B,East Ridge,DR-01,Rotary Blast Drill,20.0,0.3,19.7
2026-07-05,Mine B,East Ridge,WL-01,Wheel Loader,20.0,0.1,19.9
2026-07-05,Mine B,Deep West,EX-01,Hydraulic Excavator,20.0,1.3,18.7
2026-07-05,Mine B,Deep West,EX-02,Hydraulic Excavator,20.0,1.9,18.1
2026-07-05,Mine B,Deep West,DT-101,Dump Truck (60T),20.0,0.0,20.0
2026-07-05,Mine B,Deep West,DT-102,Dump Truck (60T),20.0,1.5,18.5
2026-07-05,Mine B,Deep West,DT-103,Dump Truck (60T),20.0,1.1,18.9
2026-07-05,Mine B,Deep West,DR-01,Rotary Blast Drill,20.0,0.2,19.8
2026-07-05,Mine B,Deep West,WL-01,Wheel Loader,20.0,0.3,19.7
2026-07-06,Mine A,North Block,EX-01,Hydraulic Excavator,20.0,1.2,18.8
2026-07-06,Mine A,North Block,EX-02,Hydraulic Excavator,20.0,0.5,19.5
2026-07-06,Mine A,North Block,DT-101,Dump Truck (60T),20.0,3.9,16.1
2026-07-06,Mine A,North Block,DT-102,Dump Truck (60T),20.0,2.4,17.6
2026-07-06,Mine A,North Block,DT-103,Dump Truck (60T),20.0,5.8,14.2
2026-07-06,Mine A,North Block,DR-01,Rotary Blast Drill,20.0,0.4,19.6
2026-07-06,Mine A,North Block,WL-01,Wheel Loader,20.0,4.9,15.1
2026-07-06,Mine A,South Pit,EX-01,Hydraulic Excavator,20.0,0.8,19.2
2026-07-06,Mine A,South Pit,EX-02,Hydraulic Excavator,20.0,0.6,19.4
2026-07-06,Mine A,South Pit,DT-101,Dump Truck (60T),20.0,0.1,19.9
2026-07-06,Mine A,South Pit,DT-102,Dump Truck (60T),20.0,0.1,19.9
2026-07-06,Mine A,South Pit,DT-103,Dump Truck (60T),20.0,1.6,18.4
2026-07-06,Mine A,South Pit,DR-01,Rotary Blast Drill,20.0,0.9,19.1
2026-07-06,Mine A,South Pit,WL-01,Wheel Loader,20.0,0.4,19.6
2026-07-06,Mine B,East Ridge,EX-01,Hydraulic Excavator,20.0,1.3,18.7
2026-07-06,Mine B,East Ridge,EX-02,Hydraulic Excavator,20.0,0.4,19.6
2026-07-06,Mine B,East Ridge,DT-101,Dump Truck (60T),20.0,1.2,18.8
2026-07-06,Mine B,East Ridge,DT-102,Dump Truck (60T),20.0,0.6,19.4
2026-07-06,Mine B,East Ridge,DT-103,Dump Truck (60T),20.0,2.4,17.6
2026-07-06,Mine B,East Ridge,DR-01,Rotary Blast Drill,20.0,2.4,17.6
2026-07-06,Mine B,East Ridge,WL-01,Wheel Loader,20.0,0.9,19.1
2026-07-06,Mine B,Deep West,EX-01,Hydraulic Excavator,20.0,0.6,19.4
2026-07-06,Mine B,Deep West,EX-02,Hydraulic Excavator,20.0,0.6,19.4
2026-07-06,Mine B,Deep West,DT-101,Dump Truck (60T),20.0,2.3,17.7
2026-07-06,Mine B,Deep West,DT-102,Dump Truck (60T),20.0,0.6,19.4
2026-07-06,Mine B,Deep West,DT-103,Dump Truck (60T),20.0,0.3,19.7
2026-07-06,Mine B,Deep West,DR-01,Rotary Blast Drill,20.0,0.1,19.9
2026-07-06,Mine B,Deep West,WL-01,Wheel Loader,20.0,0.9,19.1
2026-07-07,Mine A,North Block,EX-01,Hydraulic Excavator,20.0,0.9,19.1
2026-07-07,Mine A,North Block,EX-02,Hydraulic Excavator,20.0,2.6,17.4
2026-07-07,Mine A,North Block,DT-101,Dump Truck (60T),20.0,0.4,19.6
2026-07-07,Mine A,North Block,DT-102,Dump Truck (60T),20.0,0.7,19.3
2026-07-07,Mine A,North Block,DT-103,Dump Truck (60T),20.0,2.3,17.7
2026-07-07,Mine A,North Block,DR-01,Rotary Blast Drill,20.0,2.4,17.6
2026-07-07,Mine A,North Block,WL-01,Wheel Loader,20.0,0.7,19.3
2026-07-07,Mine A,South Pit,EX-01,Hydraulic Excavator,20.0,0.9,19.1
2026-07-07,Mine A,South Pit,EX-02,Hydraulic Excavator,20.0,0.5,19.5
2026-07-07,Mine A,South Pit,DT-101,Dump Truck (60T),20.0,3.8,16.2
2026-07-07,Mine A,South Pit,DT-102,Dump Truck (60T),20.0,0.2,19.8
2026-07-07,Mine A,South Pit,DT-103,Dump Truck (60T),20.0,3.8,16.2
2026-07-07,Mine A,South Pit,DR-01,Rotary Blast Drill,20.0,1.6,18.4
2026-07-07,Mine A,South Pit,WL-01,Wheel Loader,20.0,1.1,18.9
2026-07-07,Mine B,East Ridge,EX-01,Hydraulic Excavator,20.0,0.0,20.0
2026-07-07,Mine B,East Ridge,EX-02,Hydraulic Excavator,20.0,0.9,19.1
2026-07-07,Mine B,East Ridge,DT-101,Dump Truck (60T),20.0,0.7,19.3
2026-07-07,Mine B,East Ridge,DT-102,Dump Truck (60T),20.0,0.2,19.8
2026-07-07,Mine B,East Ridge,DT-103,Dump Truck (60T),20.0,1.5,18.5
2026-07-07,Mine B,East Ridge,DR-01,Rotary Blast Drill,20.0,5.0,15.0
2026-07-07,Mine B,East Ridge,WL-01,Wheel Loader,20.0,1.2,18.8
2026-07-07,Mine B,Deep West,EX-01,Hydraulic Excavator,20.0,1.8,18.2
2026-07-07,Mine B,Deep West,EX-02,Hydraulic Excavator,20.0,0.1,19.9
2026-07-07,Mine B,Deep West,DT-101,Dump Truck (60T),20.0,0.8,19.2
2026-07-07,Mine B,Deep West,DT-102,Dump Truck (60T),20.0,0.2,19.8
2026-07-07,Mine B,Deep West,DT-103,Dump Truck (60T),20.0,1.3,18.7
2026-07-07,Mine B,Deep West,DR-01,Rotary Blast Drill,20.0,3.9,16.1
2026-07-07,Mine B,Deep West,WL-01,Wheel Loader,20.0,1.5,18.5
2026-07-08,Mine A,North Block,EX-01,Hydraulic Excavator,20.0,0.1,19.9
2026-07-08,Mine A,North Block,EX-02,Hydraulic Excavator,20.0,0.6,19.4
2026-07-08,Mine A,North Block,DT-101,Dump Truck (60T),20.0,1.1,18.9
2026-07-08,Mine A,North Block,DT-102,Dump Truck (60T),20.0,0.7,19.3
2026-07-08,Mine A,North Block,DT-103,Dump Truck (60T),20.0,2.5,17.5
2026-07-08,Mine A,North Block,DR-01,Rotary Blast Drill,20.0,2.4,17.6
2026-07-08,Mine A,North Block,WL-01,Wheel Loader,20.0,1.3,18.7
2026-07-08,Mine A,South Pit,EX-01,Hydraulic Excavator,20.0,0.7,19.3
2026-07-08,Mine A,South Pit,EX-02,Hydraulic Excavator,20.0,0.4,19.6
2026-07-08,Mine A,South Pit,DT-101,Dump Truck (60T),20.0,0.2,19.8
2026-07-08,Mine A,South Pit,DT-102,Dump Truck (60T),20.0,0.6,19.4
2026-07-08,Mine A,South Pit,DT-103,Dump Truck (60T),20.0,0.7,19.3
2026-07-08,Mine A,South Pit,DR-01,Rotary Blast Drill,20.0,1.6,18.4
2026-07-08,Mine A,South Pit,WL-01,Wheel Loader,20.0,1.5,18.5
2026-07-08,Mine B,East Ridge,EX-01,Hydraulic Excavator,20.0,0.1,19.9
2026-07-08,Mine B,East Ridge,EX-02,Hydraulic Excavator,20.0,0.7,19.3
2026-07-08,Mine B,East Ridge,DT-101,Dump Truck (60T),20.0,0.3,19.7
2026-07-08,Mine B,East Ridge,DT-102,Dump Truck (60T),20.0,0.2,19.8
2026-07-08,Mine B,East Ridge,DT-103,Dump Truck (60T),20.0,2.5,17.5
2026-07-08,Mine B,East Ridge,DR-01,Rotary Blast Drill,20.0,0.1,19.9
2026-07-08,Mine B,East Ridge,WL-01,Wheel Loader,20.0,0.8,19.2
2026-07-08,Mine B,Deep West,EX-01,Hydraulic Excavator,20.0,0.3,19.7
2026-07-08,Mine B,Deep West,EX-02,Hydraulic Excavator,20.0,3.0,17.0
2026-07-08,Mine B,Deep West,DT-101,Dump Truck (60T),20.0,1.1,18.9
2026-07-08,Mine B,Deep West,DT-102,Dump Truck (60T),20.0,0.4,19.6
2026-07-08,Mine B,Deep West,DT-103,Dump Truck (60T),20.0,1.0,19.0
2026-07-08,Mine B,Deep West,DR-01,Rotary Blast Drill,20.0,1.8,18.2
2026-07-08,Mine B,Deep West,WL-01,Wheel Loader,20.0,4.4,15.6
2026-07-09,Mine A,North Block,EX-01,Hydraulic Excavator,20.0,0.3,19.7
2026-07-09,Mine A,North Block,EX-02,Hydraulic Excavator,20.0,3.0,17.0
2026-07-09,Mine A,North Block,DT-101,Dump Truck (60T),20.0,3.8,16.2
2026-07-09,Mine A,North Block,DT-102,Dump Truck (60T),20.0,3.5,16.5
2026-07-09,Mine A,North Block,DT-103,Dump Truck (60T),20.0,1.4,18.6
2026-07-09,Mine A,North Block,DR-01,Rotary Blast Drill,20.0,1.4,18.6
2026-07-09,Mine A,North Block,WL-01,Wheel Loader,20.0,0.7,19.3
2026-07-09,Mine A,South Pit,EX-01,Hydraulic Excavator,20.0,2.0,18.0
2026-07-09,Mine A,South Pit,EX-02,Hydraulic Excavator,20.0,1.1,18.9
2026-07-09,Mine A,South Pit,DT-101,Dump Truck (60T),20.0,1.6,18.4
2026-07-09,Mine A,South Pit,DT-102,Dump Truck (60T),20.0,0.8,19.2
2026-07-09,Mine A,South Pit,DT-103,Dump Truck (60T),20.0,1.8,18.2
2026-07-09,Mine A,South Pit,DR-01,Rotary Blast Drill,20.0,2.4,17.6
2026-07-09,Mine A,South Pit,WL-01,Wheel Loader,20.0,0.2,19.8
2026-07-09,Mine B,East Ridge,EX-01,Hydraulic Excavator,20.0,2.5,17.5
2026-07-09,Mine B,East Ridge,EX-02,Hydraulic Excavator,20.0,1.1,18.9
2026-07-09,Mine B,East Ridge,DT-101,Dump Truck (60T),20.0,2.6,17.4
2026-07-09,Mine B,East Ridge,DT-102,Dump Truck (60T),20.0,0.8,19.2
2026-07-09,Mine B,East Ridge,DT-103,Dump Truck (60T),20.0,0.7,19.3
2026-07-09,Mine B,East Ridge,DR-01,Rotary Blast Drill,20.0,3.5,16.5
2026-07-09,Mine B,East Ridge,WL-01,Wheel Loader,20.0,0.4,19.6
2026-07-09,Mine B,Deep West,EX-01,Hydraulic Excavator,20.0,2.6,17.4
2026-07-09,Mine B,Deep West,EX-02,Hydraulic Excavator,20.0,0.9,19.1
2026-07-09,Mine B,Deep West,DT-101,Dump Truck (60T),20.0,1.0,19.0
2026-07-09,Mine B,Deep West,DT-102,Dump Truck (60T),20.0,0.5,19.5
2026-07-09,Mine B,Deep West,DT-103,Dump Truck (60T),20.0,1.2,18.8
2026-07-09,Mine B,Deep West,DR-01,Rotary Blast Drill,20.0,0.6,19.4
2026-07-09,Mine B,Deep West,WL-01,Wheel Loader,20.0,0.1,19.9
2026-07-10,Mine A,North Block,EX-01,Hydraulic Excavator,20.0,0.4,19.6
2026-07-10,Mine A,North Block,EX-02,Hydraulic Excavator,20.0,0.0,20.0
2026-07-10,Mine A,North Block,DT-101,Dump Truck (60T),20.0,5.4,14.6
2026-07-10,Mine A,North Block,DT-102,Dump Truck (60T),20.0,4.7,15.3
2026-07-10,Mine A,North Block,DT-103,Dump Truck (60T),20.0,0.7,19.3
2026-07-10,Mine A,North Block,DR-01,Rotary Blast Drill,20.0,1.8,18.2
2026-07-10,Mine A,North Block,WL-01,Wheel Loader,20.0,0.6,19.4
2026-07-10,Mine A,South Pit,EX-01,Hydraulic Excavator,20.0,1.6,18.4
2026-07-10,Mine A,South Pit,EX-02,Hydraulic Excavator,20.0,2.3,17.7
2026-07-10,Mine A,South Pit,DT-101,Dump Truck (60T),20.0,4.1,15.9
2026-07-10,Mine A,South Pit,DT-102,Dump Truck (60T),20.0,0.7,19.3
2026-07-10,Mine A,South Pit,DT-103,Dump Truck (60T),20.0,2.1,17.9
2026-07-10,Mine A,South Pit,DR-01,Rotary Blast Drill,20.0,0.4,19.6
2026-07-10,Mine A,South Pit,WL-01,Wheel Loader,20.0,6.5,13.5
2026-07-10,Mine B,East Ridge,EX-01,Hydraulic Excavator,20.0,0.0,20.0
2026-07-10,Mine B,East Ridge,EX-02,Hydraulic Excavator,20.0,1.3,18.7
2026-07-10,Mine B,East Ridge,DT-101,Dump Truck (60T),20.0,1.5,18.5
2026-07-10,Mine B,East Ridge,DT-102,Dump Truck (60T),20.0,1.6,18.4
2026-07-10,Mine B,East Ridge,DT-103,Dump Truck (60T),20.0,0.2,19.8
2026-07-10,Mine B,East Ridge,DR-01,Rotary Blast Drill,20.0,3.9,16.1
2026-07-10,Mine B,East Ridge,WL-01,Wheel Loader,20.0,0.3,19.7
2026-07-10,Mine B,Deep West,EX-01,Hydraulic Excavator,20.0,1.4,18.6
2026-07-10,Mine B,Deep West,EX-02,Hydraulic Excavator,20.0,0.4,19.6
2026-07-10,Mine B,Deep West,DT-101,Dump Truck (60T),20.0,0.5,19.5
2026-07-10,Mine B,Deep West,DT-102,Dump Truck (60T),20.0,1.1,18.9
2026-07-10,Mine B,Deep West,DT-103,Dump Truck (60T),20.0,0.8,19.2
2026-07-10,Mine B,Deep West,DR-01,Rotary Blast Drill,20.0,0.2,19.8
2026-07-10,Mine B,Deep West,WL-01,Wheel Loader,20.0,0.3,19.7
2026-07-11,Mine A,North Block,EX-01,Hydraulic Excavator,20.0,0.8,19.2
2026-07-11,Mine A,North Block,EX-02,Hydraulic Excavator,20.0,2.0,18.0
2026-07-11,Mine A,North Block,DT-101,Dump Truck (60T),20.0,3.2,16.8
2026-07-11,Mine A,North Block,DT-102,Dump Truck (60T),20.0,0.1,19.9
2026-07-11,Mine A,North Block,DT-103,Dump Truck (60T),20.0,0.7,19.3
2026-07-11,Mine A,North Block,DR-01,Rotary Blast Drill,20.0,0.1,19.9
2026-07-11,Mine A,North Block,WL-01,Wheel Loader,20.0,0.0,20.0
2026-07-11,Mine A,South Pit,EX-01,Hydraulic Excavator,20.0,1.5,18.5
2026-07-11,Mine A,South Pit,EX-02,Hydraulic Excavator,20.0,1.3,18.7
2026-07-11,Mine A,South Pit,DT-101,Dump Truck (60T),20.0,0.2,19.8
2026-07-11,Mine A,South Pit,DT-102,Dump Truck (60T),20.0,0.4,19.6
2026-07-11,Mine A,South Pit,DT-103,Dump Truck (60T),20.0,0.0,20.0
2026-07-11,Mine A,South Pit,DR-01,Rotary Blast Drill,20.0,2.5,17.5
2026-07-11,Mine A,South Pit,WL-01,Wheel Loader,20.0,5.1,14.9
2026-07-11,Mine B,East Ridge,EX-01,Hydraulic Excavator,20.0,0.2,19.8
2026-07-11,Mine B,East Ridge,EX-02,Hydraulic Excavator,20.0,0.4,19.6
2026-07-11,Mine B,East Ridge,DT-101,Dump Truck (60T),20.0,2.8,17.2
2026-07-11,Mine B,East Ridge,DT-102,Dump Truck (60T),20.0,3.7,16.3
2026-07-11,Mine B,East Ridge,DT-103,Dump Truck (60T),20.0,0.8,19.2
2026-07-11,Mine B,East Ridge,DR-01,Rotary Blast Drill,20.0,0.1,19.9
2026-07-11,Mine B,East Ridge,WL-01,Wheel Loader,20.0,0.1,19.9
2026-07-11,Mine B,Deep West,EX-01,Hydraulic Excavator,20.0,1.2,18.8
2026-07-11,Mine B,Deep West,EX-02,Hydraulic Excavator,20.0,0.7,19.3
2026-07-11,Mine B,Deep West,DT-101,Dump Truck (60T),20.0,0.0,20.0
2026-07-11,Mine B,Deep West,DT-102,Dump Truck (60T),20.0,1.2,18.8
2026-07-11,Mine B,Deep West,DT-103,Dump Truck (60T),20.0,0.0,20.0
2026-07-11,Mine B,Deep West,DR-01,Rotary Blast Drill,20.0,2.2,17.8
2026-07-11,Mine B,Deep West,WL-01,Wheel Loader,20.0,0.5,19.5
2026-07-12,Mine A,North Block,EX-01,Hydraulic Excavator,20.0,0.1,19.9
2026-07-12,Mine A,North Block,EX-02,Hydraulic Excavator,20.0,1.2,18.8
2026-07-12,Mine A,North Block,DT-101,Dump Truck (60T),20.0,0.7,19.3
2026-07-12,Mine A,North Block,DT-102,Dump Truck (60T),20.0,5.1,14.9
2026-07-12,Mine A,North Block,DT-103,Dump Truck (60T),20.0,1.1,18.9
2026-07-12,Mine A,North Block,DR-01,Rotary Blast Drill,20.0,0.5,19.5
2026-07-12,Mine A,North Block,WL-01,Wheel Loader,20.0,1.7,18.3
2026-07-12,Mine A,South Pit,EX-01,Hydraulic Excavator,20.0,0.4,19.6
2026-07-12,Mine A,South Pit,EX-02,Hydraulic Excavator,20.0,3.3,16.7
2026-07-12,Mine A,South Pit,DT-101,Dump Truck (60T),20.0,0.7,19.3
2026-07-12,Mine A,South Pit,DT-102,Dump Truck (60T),20.0,1.1,18.9
2026-07-12,Mine A,South Pit,DT-103,Dump Truck (60T),20.0,0.1,19.9
2026-07-12,Mine A,South Pit,DR-01,Rotary Blast Drill,20.0,0.8,19.2
2026-07-12,Mine A,South Pit,WL-01,Wheel Loader,20.0,2.5,17.5
2026-07-12,Mine B,East Ridge,EX-01,Hydraulic Excavator,20.0,2.3,17.7
2026-07-12,Mine B,East Ridge,EX-02,Hydraulic Excavator,20.0,0.4,19.6
2026-07-12,Mine B,East Ridge,DT-101,Dump Truck (60T),20.0,0.4,19.6
2026-07-12,Mine B,East Ridge,DT-102,Dump Truck (60T),20.0,2.4,17.6
2026-07-12,Mine B,East Ridge,DT-103,Dump Truck (60T),20.0,3.7,16.3
2026-07-12,Mine B,East Ridge,DR-01,Rotary Blast Drill,20.0,0.1,19.9
2026-07-12,Mine B,East Ridge,WL-01,Wheel Loader,20.0,0.8,19.2
2026-07-12,Mine B,Deep West,EX-01,Hydraulic Excavator,20.0,0.6,19.4
2026-07-12,Mine B,Deep West,EX-02,Hydraulic Excavator,20.0,2.9,17.1
2026-07-12,Mine B,Deep West,DT-101,Dump Truck (60T),20.0,0.1,19.9
2026-07-12,Mine B,Deep West,DT-102,Dump Truck (60T),20.0,0.3,19.7
2026-07-12,Mine B,Deep West,DT-103,Dump Truck (60T),20.0,2.0,18.0
2026-07-12,Mine B,Deep West,DR-01,Rotary Blast Drill,20.0,0.1,19.9
2026-07-12,Mine B,Deep West,WL-01,Wheel Loader,20.0,0.9,19.1
2026-07-13,Mine A,North Block,EX-01,Hydraulic Excavator,20.0,0.8,19.2
2026-07-13,Mine A,North Block,EX-02,Hydraulic Excavator,20.0,0.6,19.4
2026-07-13,Mine A,North Block,DT-101,Dump Truck (60T),20.0,0.7,19.3
2026-07-13,Mine A,North Block,DT-102,Dump Truck (60T),20.0,1.1,18.9
2026-07-13,Mine A,North Block,DT-103,Dump Truck (60T),20.0,0.2,19.8
2026-07-13,Mine A,North Block,DR-01,Rotary Blast Drill,20.0,1.2,18.8
2026-07-13,Mine A,North Block,WL-01,Wheel Loader,20.0,2.3,17.7
2026-07-13,Mine A,South Pit,EX-01,Hydraulic Excavator,20.0,2.0,18.0
2026-07-13,Mine A,South Pit,EX-02,Hydraulic Excavator,20.0,0.2,19.8
2026-07-13,Mine A,South Pit,DT-101,Dump Truck (60T),20.0,0.2,19.8
2026-07-13,Mine A,South Pit,DT-102,Dump Truck (60T),20.0,0.4,19.6
2026-07-13,Mine A,South Pit,DT-103,Dump Truck (60T),20.0,0.6,19.4
2026-07-13,Mine A,South Pit,DR-01,Rotary Blast Drill,20.0,0.7,19.3
2026-07-13,Mine A,South Pit,WL-01,Wheel Loader,20.0,1.6,18.4
2026-07-13,Mine B,East Ridge,EX-01,Hydraulic Excavator,20.0,0.1,19.9
2026-07-13,Mine B,East Ridge,EX-02,Hydraulic Excavator,20.0,0.0,20.0
2026-07-13,Mine B,East Ridge,DT-101,Dump Truck (60T),20.0,0.7,19.3
2026-07-13,Mine B,East Ridge,DT-102,Dump Truck (60T),20.0,1.7,18.3
2026-07-13,Mine B,East Ridge,DT-103,Dump Truck (60T),20.0,0.3,19.7
2026-07-13,Mine B,East Ridge,DR-01,Rotary Blast Drill,20.0,1.4,18.6
2026-07-13,Mine B,East Ridge,WL-01,Wheel Loader,20.0,0.4,19.6
2026-07-13,Mine B,Deep West,EX-01,Hydraulic Excavator,20.0,3.0,17.0
2026-07-13,Mine B,Deep West,EX-02,Hydraulic Excavator,20.0,3.2,16.8
2026-07-13,Mine B,Deep West,DT-101,Dump Truck (60T),20.0,0.5,19.5
2026-07-13,Mine B,Deep West,DT-102,Dump Truck (60T),20.0,0.4,19.6
2026-07-13,Mine B,Deep West,DT-103,Dump Truck (60T),20.0,0.7,19.3
2026-07-13,Mine B,Deep West,DR-01,Rotary Blast Drill,20.0,0.4,19.6
2026-07-13,Mine B,Deep West,WL-01,Wheel Loader,20.0,1.6,18.4
2026-07-14,Mine A,North Block,EX-01,Hydraulic Excavator,20.0,2.4,17.6
2026-07-14,Mine A,North Block,EX-02,Hydraulic Excavator,20.0,1.6,18.4
2026-07-14,Mine A,North Block,DT-101,Dump Truck (60T),20.0,2.4,17.6
2026-07-14,Mine A,North Block,DT-102,Dump Truck (60T),20.0,0.7,19.3
2026-07-14,Mine A,North Block,DT-103,Dump Truck (60T),20.0,0.2,19.8
2026-07-14,Mine A,North Block,DR-01,Rotary Blast Drill,20.0,1.9,18.1
2026-07-14,Mine A,North Block,WL-01,Wheel Loader,20.0,0.6,19.4
2026-07-14,Mine A,South Pit,EX-01,Hydraulic Excavator,20.0,1.6,18.4
2026-07-14,Mine A,South Pit,EX-02,Hydraulic Excavator,20.0,0.4,19.6
2026-07-14,Mine A,South Pit,DT-101,Dump Truck (60T),20.0,0.1,19.9
2026-07-14,Mine A,South Pit,DT-102,Dump Truck (60T),20.0,6.9,13.1
2026-07-14,Mine A,South Pit,DT-103,Dump Truck (60T),20.0,0.2,19.8
2026-07-14,Mine A,South Pit,DR-01,Rotary Blast Drill,20.0,6.2,13.8
2026-07-14,Mine A,South Pit,WL-01,Wheel Loader,20.0,5.3,14.7
2026-07-14,Mine B,East Ridge,EX-01,Hydraulic Excavator,20.0,2.2,17.8
2026-07-14,Mine B,East Ridge,EX-02,Hydraulic Excavator,20.0,1.5,18.5
2026-07-14,Mine B,East Ridge,DT-101,Dump Truck (60T),20.0,1.2,18.8
2026-07-14,Mine B,East Ridge,DT-102,Dump Truck (60T),20.0,2.8,17.2
2026-07-14,Mine B,East Ridge,DT-103,Dump Truck (60T),20.0,0.5,19.5
2026-07-14,Mine B,East Ridge,DR-01,Rotary Blast Drill,20.0,0.9,19.1
2026-07-14,Mine B,East Ridge,WL-01,Wheel Loader,20.0,1.4,18.6
2026-07-14,Mine B,Deep West,EX-01,Hydraulic Excavator,20.0,0.7,19.3
2026-07-14,Mine B,Deep West,EX-02,Hydraulic Excavator,20.0,0.8,19.2
2026-07-14,Mine B,Deep West,DT-101,Dump Truck (60T),20.0,0.6,19.4
2026-07-14,Mine B,Deep West,DT-102,Dump Truck (60T),20.0,1.2,18.8
2026-07-14,Mine B,Deep West,DT-103,Dump Truck (60T),20.0,2.7,17.3
2026-07-14,Mine B,Deep West,DR-01,Rotary Blast Drill,20.0,0.3,19.7
2026-07-14,Mine B,Deep West,WL-01,Wheel Loader,20.0,3.8,16.2
2026-07-15,Mine A,North Block,EX-01,Hydraulic Excavator,20.0,1.6,18.4
2026-07-15,Mine A,North Block,EX-02,Hydraulic Excavator,20.0,2.4,17.6
2026-07-15,Mine A,North Block,DT-101,Dump Truck (60T),20.0,1.1,18.9
2026-07-15,Mine A,North Block,DT-102,Dump Truck (60T),20.0,2.1,17.9
2026-07-15,Mine A,North Block,DT-103,Dump Truck (60T),20.0,0.0,20.0
2026-07-15,Mine A,North Block,DR-01,Rotary Blast Drill,20.0,2.4,17.6
2026-07-15,Mine A,North Block,WL-01,Wheel Loader,20.0,0.1,19.9
2026-07-15,Mine A,South Pit,EX-01,Hydraulic Excavator,20.0,3.1,16.9
2026-07-15,Mine A,South Pit,EX-02,Hydraulic Excavator,20.0,6.8,13.2
2026-07-15,Mine A,South Pit,DT-101,Dump Truck (60T),20.0,0.5,19.5
2026-07-15,Mine A,South Pit,DT-102,Dump Truck (60T),20.0,0.3,19.7
2026-07-15,Mine A,South Pit,DT-103,Dump Truck (60T),20.0,2.0,18.0
2026-07-15,Mine A,South Pit,DR-01,Rotary Blast Drill,20.0,0.4,19.6
2026-07-15,Mine A,South Pit,WL-01,Wheel Loader,20.0,2.8,17.2
2026-07-15,Mine B,East Ridge,EX-01,Hydraulic Excavator,20.0,0.2,19.8
2026-07-15,Mine B,East Ridge,EX-02,Hydraulic Excavator,20.0,0.2,19.8
2026-07-15,Mine B,East Ridge,DT-101,Dump Truck (60T),20.0,5.4,14.6
2026-07-15,Mine B,East Ridge,DT-102,Dump Truck (60T),20.0,1.6,18.4
2026-07-15,Mine B,East Ridge,DT-103,Dump Truck (60T),20.0,2.6,17.4
2026-07-15,Mine B,East Ridge,DR-01,Rotary Blast Drill,20.0,0.5,19.5
2026-07-15,Mine B,East Ridge,WL-01,Wheel Loader,20.0,1.6,18.4
2026-07-15,Mine B,Deep West,EX-01,Hydraulic Excavator,20.0,1.3,18.7
2026-07-15,Mine B,Deep West,EX-02,Hydraulic Excavator,20.0,1.3,18.7
2026-07-15,Mine B,Deep West,DT-101,Dump Truck (60T),20.0,1.6,18.4
2026-07-15,Mine B,Deep West,DT-102,Dump Truck (60T),20.0,1.2,18.8
2026-07-15,Mine B,Deep West,DT-103,Dump Truck (60T),20.0,0.8,19.2
2026-07-15,Mine B,Deep West,DR-01,Rotary Blast Drill,20.0,0.5,19.5
2026-07-15,Mine B,Deep West,WL-01,Wheel Loader,20.0,2.0,18.0
2026-07-16,Mine A,North Block,EX-01,Hydraulic Excavator,20.0,0.4,19.6
2026-07-16,Mine A,North Block,EX-02,Hydraulic Excavator,20.0,1.7,18.3
2026-07-16,Mine A,North Block,DT-101,Dump Truck (60T),20.0,0.4,19.6
2026-07-16,Mine A,North Block,DT-102,Dump Truck (60T),20.0,1.4,18.6
2026-07-16,Mine A,North Block,DT-103,Dump Truck (60T),20.0,1.9,18.1
2026-07-16,Mine A,North Block,DR-01,Rotary Blast Drill,20.0,0.3,19.7
2026-07-16,Mine A,North Block,WL-01,Wheel Loader,20.0,0.1,19.9
2026-07-16,Mine A,South Pit,EX-01,Hydraulic Excavator,20.0,0.2,19.8
2026-07-16,Mine A,South Pit,EX-02,Hydraulic Excavator,20.0,1.3,18.7
2026-07-16,Mine A,South Pit,DT-101,Dump Truck (60T),20.0,2.7,17.3
2026-07-16,Mine A,South Pit,DT-102,Dump Truck (60T),20.0,0.1,19.9
2026-07-16,Mine A,South Pit,DT-103,Dump Truck (60T),20.0,1.9,18.1
2026-07-16,Mine A,South Pit,DR-01,Rotary Blast Drill,20.0,0.6,19.4
2026-07-16,Mine A,South Pit,WL-01,Wheel Loader,20.0,0.9,19.1
2026-07-16,Mine B,East Ridge,EX-01,Hydraulic Excavator,20.0,3.7,16.3
2026-07-16,Mine B,East Ridge,EX-02,Hydraulic Excavator,20.0,0.6,19.4
2026-07-16,Mine B,East Ridge,DT-101,Dump Truck (60T),20.0,0.9,19.1
2026-07-16,Mine B,East Ridge,DT-102,Dump Truck (60T),20.0,0.0,20.0
2026-07-16,Mine B,East Ridge,DT-103,Dump Truck (60T),20.0,0.1,19.9
2026-07-16,Mine B,East Ridge,DR-01,Rotary Blast Drill,20.0,0.4,19.6
2026-07-16,Mine B,East Ridge,WL-01,Wheel Loader,20.0,0.0,20.0
2026-07-16,Mine B,Deep West,EX-01,Hydraulic Excavator,20.0,1.4,18.6
2026-07-16,Mine B,Deep West,EX-02,Hydraulic Excavator,20.0,0.8,19.2
2026-07-16,Mine B,Deep West,DT-101,Dump Truck (60T),20.0,1.1,18.9
2026-07-16,Mine B,Deep West,DT-102,Dump Truck (60T),20.0,0.3,19.7
2026-07-16,Mine B,Deep West,DT-103,Dump Truck (60T),20.0,0.5,19.5
2026-07-16,Mine B,Deep West,DR-01,Rotary Blast Drill,20.0,1.5,18.5
2026-07-16,Mine B,Deep West,WL-01,Wheel Loader,20.0,4.7,15.3
2026-07-17,Mine A,North Block,EX-01,Hydraulic Excavator,20.0,0.1,19.9
2026-07-17,Mine A,North Block,EX-02,Hydraulic Excavator,20.0,3.1,16.9
2026-07-17,Mine A,North Block,DT-101,Dump Truck (60T),20.0,1.2,18.8
2026-07-17,Mine A,North Block,DT-102,Dump Truck (60T),20.0,1.2,18.8
2026-07-17,Mine A,North Block,DT-103,Dump Truck (60T),20.0,1.0,19.0
2026-07-17,Mine A,North Block,DR-01,Rotary Blast Drill,20.0,0.1,19.9
2026-07-17,Mine A,North Block,WL-01,Wheel Loader,20.0,0.1,19.9
2026-07-17,Mine A,South Pit,EX-01,Hydraulic Excavator,20.0,1.3,18.7
2026-07-17,Mine A,South Pit,EX-02,Hydraulic Excavator,20.0,0.6,19.4
2026-07-17,Mine A,South Pit,DT-101,Dump Truck (60T),20.0,3.5,16.5
2026-07-17,Mine A,South Pit,DT-102,Dump Truck (60T),20.0,0.7,19.3
2026-07-17,Mine A,South Pit,DT-103,Dump Truck (60T),20.0,0.2,19.8
2026-07-17,Mine A,South Pit,DR-01,Rotary Blast Drill,20.0,1.8,18.2
2026-07-17,Mine A,South Pit,WL-01,Wheel Loader,20.0,0.5,19.5
2026-07-17,Mine B,East Ridge,EX-01,Hydraulic Excavator,20.0,1.0,19.0
2026-07-17,Mine B,East Ridge,EX-02,Hydraulic Excavator,20.0,1.7,18.3
2026-07-17,Mine B,East Ridge,DT-101,Dump Truck (60T),20.0,3.2,16.8
2026-07-17,Mine B,East Ridge,DT-102,Dump Truck (60T),20.0,2.2,17.8
2026-07-17,Mine B,East Ridge,DT-103,Dump Truck (60T),20.0,1.6,18.4
2026-07-17,Mine B,East Ridge,DR-01,Rotary Blast Drill,20.0,1.6,18.4
2026-07-17,Mine B,East Ridge,WL-01,Wheel Loader,20.0,4.1,15.9
2026-07-17,Mine B,Deep West,EX-01,Hydraulic Excavator,20.0,0.5,19.5
2026-07-17,Mine B,Deep West,EX-02,Hydraulic Excavator,20.0,0.0,20.0
2026-07-17,Mine B,Deep West,DT-101,Dump Truck (60T),20.0,0.4,19.6
2026-07-17,Mine B,Deep West,DT-102,Dump Truck (60T),20.0,0.3,19.7
2026-07-17,Mine B,Deep West,DT-103,Dump Truck (60T),20.0,1.5,18.5
2026-07-17,Mine B,Deep West,DR-01,Rotary Blast Drill,20.0,1.4,18.6
2026-07-17,Mine B,Deep West,WL-01,Wheel Loader,20.0,1.3,18.7
2026-07-18,Mine A,North Block,EX-01,Hydraulic Excavator,20.0,0.0,20.0
2026-07-18,Mine A,North Block,EX-02,Hydraulic Excavator,20.0,1.8,18.2
2026-07-18,Mine A,North Block,DT-101,Dump Truck (60T),20.0,0.5,19.5
2026-07-18,Mine A,North Block,DT-102,Dump Truck (60T),20.0,1.5,18.5
2026-07-18,Mine A,North Block,DT-103,Dump Truck (60T),20.0,1.1,18.9
2026-07-18,Mine A,North Block,DR-01,Rotary Blast Drill,20.0,0.6,19.4
2026-07-18,Mine A,North Block,WL-01,Wheel Loader,20.0,0.2,19.8
2026-07-18,Mine A,South Pit,EX-01,Hydraulic Excavator,20.0,0.1,19.9
2026-07-18,Mine A,South Pit,EX-02,Hydraulic Excavator,20.0,2.5,17.5
2026-07-18,Mine A,South Pit,DT-101,Dump Truck (60T),20.0,3.5,16.5
2026-07-18,Mine A,South Pit,DT-102,Dump Truck (60T),20.0,1.5,18.5
2026-07-18,Mine A,South Pit,DT-103,Dump Truck (60T),20.0,0.2,19.8
2026-07-18,Mine A,South Pit,DR-01,Rotary Blast Drill,20.0,0.7,19.3
2026-07-18,Mine A,South Pit,WL-01,Wheel Loader,20.0,1.8,18.2
2026-07-18,Mine B,East Ridge,EX-01,Hydraulic Excavator,20.0,2.1,17.9
2026-07-18,Mine B,East Ridge,EX-02,Hydraulic Excavator,20.0,0.2,19.8
2026-07-18,Mine B,East Ridge,DT-101,Dump Truck (60T),20.0,0.0,20.0
2026-07-18,Mine B,East Ridge,DT-102,Dump Truck (60T),20.0,1.7,18.3
2026-07-18,Mine B,East Ridge,DT-103,Dump Truck (60T),20.0,0.6,19.4
2026-07-18,Mine B,East Ridge,DR-01,Rotary Blast Drill,20.0,0.4,19.6
2026-07-18,Mine B,East Ridge,WL-01,Wheel Loader,20.0,0.0,20.0
2026-07-18,Mine B,Deep West,EX-01,Hydraulic Excavator,20.0,1.1,18.9
2026-07-18,Mine B,Deep West,EX-02,Hydraulic Excavator,20.0,2.7,17.3
2026-07-18,Mine B,Deep West,DT-101,Dump Truck (60T),20.0,4.4,15.6
2026-07-18,Mine B,Deep West,DT-102,Dump Truck (60T),20.0,1.2,18.8
2026-07-18,Mine B,Deep West,DT-103,Dump Truck (60T),20.0,1.0,19.0
2026-07-18,Mine B,Deep West,DR-01,Rotary Blast Drill,20.0,0.1,19.9
2026-07-18,Mine B,Deep West,WL-01,Wheel Loader,20.0,1.1,18.9
2026-07-19,Mine A,North Block,EX-01,Hydraulic Excavator,20.0,0.7,19.3
2026-07-19,Mine A,North Block,EX-02,Hydraulic Excavator,20.0,1.3,18.7
2026-07-19,Mine A,North Block,DT-101,Dump Truck (60T),20.0,0.7,19.3
2026-07-19,Mine A,North Block,DT-102,Dump Truck (60T),20.0,0.4,19.6
2026-07-19,Mine A,North Block,DT-103,Dump Truck (60T),20.0,0.1,19.9
2026-07-19,Mine A,North Block,DR-01,Rotary Blast Drill,20.0,0.5,19.5
2026-07-19,Mine A,North Block,WL-01,Wheel Loader,20.0,0.1,19.9
2026-07-19,Mine A,South Pit,EX-01,Hydraulic Excavator,20.0,0.3,19.7
2026-07-19,Mine A,South Pit,EX-02,Hydraulic Excavator,20.0,6.1,13.9
2026-07-19,Mine A,South Pit,DT-101,Dump Truck (60T),20.0,0.8,19.2
2026-07-19,Mine A,South Pit,DT-102,Dump Truck (60T),20.0,1.1,18.9
2026-07-19,Mine A,South Pit,DT-103,Dump Truck (60T),20.0,2.9,17.1
2026-07-19,Mine A,South Pit,DR-01,Rotary Blast Drill,20.0,7.6,12.4
2026-07-19,Mine A,South Pit,WL-01,Wheel Loader,20.0,1.2,18.8
2026-07-19,Mine B,East Ridge,EX-01,Hydraulic Excavator,20.0,2.3,17.7
2026-07-19,Mine B,East Ridge,EX-02,Hydraulic Excavator,20.0,0.6,19.4
2026-07-19,Mine B,East Ridge,DT-101,Dump Truck (60T),20.0,0.5,19.5
2026-07-19,Mine B,East Ridge,DT-102,Dump Truck (60T),20.0,0.7,19.3
2026-07-19,Mine B,East Ridge,DT-103,Dump Truck (60T),20.0,1.6,18.4
2026-07-19,Mine B,East Ridge,DR-01,Rotary Blast Drill,20.0,1.6,18.4
2026-07-19,Mine B,East Ridge,WL-01,Wheel Loader,20.0,0.5,19.5
2026-07-19,Mine B,Deep West,EX-01,Hydraulic Excavator,20.0,0.2,19.8
2026-07-19,Mine B,Deep West,EX-02,Hydraulic Excavator,20.0,1.4,18.6
2026-07-19,Mine B,Deep West,DT-101,Dump Truck (60T),20.0,0.2,19.8
2026-07-19,Mine B,Deep West,DT-102,Dump Truck (60T),20.0,1.2,18.8
2026-07-19,Mine B,Deep West,DT-103,Dump Truck (60T),20.0,1.7,18.3
2026-07-19,Mine B,Deep West,DR-01,Rotary Blast Drill,20.0,1.7,18.3
2026-07-19,Mine B,Deep West,WL-01,Wheel Loader,20.0,2.0,18.0
2026-07-20,Mine A,North Block,EX-01,Hydraulic Excavator,20.0,2.9,17.1
2026-07-20,Mine A,North Block,EX-02,Hydraulic Excavator,20.0,1.0,19.0
2026-07-20,Mine A,North Block,DT-101,Dump Truck (60T),20.0,1.8,18.2
2026-07-20,Mine A,North Block,DT-102,Dump Truck (60T),20.0,1.4,18.6
2026-07-20,Mine A,North Block,DT-103,Dump Truck (60T),20.0,0.3,19.7
2026-07-20,Mine A,North Block,DR-01,Rotary Blast Drill,20.0,0.0,20.0
2026-07-20,Mine A,North Block,WL-01,Wheel Loader,20.0,0.5,19.5
2026-07-20,Mine A,South Pit,EX-01,Hydraulic Excavator,20.0,0.8,19.2
2026-07-20,Mine A,South Pit,EX-02,Hydraulic Excavator,20.0,1.3,18.7
2026-07-20,Mine A,South Pit,DT-101,Dump Truck (60T),20.0,2.7,17.3
2026-07-20,Mine A,South Pit,DT-102,Dump Truck (60T),20.0,0.3,19.7
2026-07-20,Mine A,South Pit,DT-103,Dump Truck (60T),20.0,0.2,19.8
2026-07-20,Mine A,South Pit,DR-01,Rotary Blast Drill,20.0,4.6,15.4
2026-07-20,Mine A,South Pit,WL-01,Wheel Loader,20.0,0.2,19.8
2026-07-20,Mine B,East Ridge,EX-01,Hydraulic Excavator,20.0,0.9,19.1
2026-07-20,Mine B,East Ridge,EX-02,Hydraulic Excavator,20.0,1.2,18.8
2026-07-20,Mine B,East Ridge,DT-101,Dump Truck (60T),20.0,1.1,18.9
2026-07-20,Mine B,East Ridge,DT-102,Dump Truck (60T),20.0,0.1,19.9
2026-07-20,Mine B,East Ridge,DT-103,Dump Truck (60T),20.0,0.1,19.9
2026-07-20,Mine B,East Ridge,DR-01,Rotary Blast Drill,20.0,0.2,19.8
2026-07-20,Mine B,East Ridge,WL-01,Wheel Loader,20.0,1.2,18.8
2026-07-20,Mine B,Deep West,EX-01,Hydraulic Excavator,20.0,1.1,18.9
2026-07-20,Mine B,Deep West,EX-02,Hydraulic Excavator,20.0,0.4,19.6
2026-07-20,Mine B,Deep West,DT-101,Dump Truck (60T),20.0,1.4,18.6
2026-07-20,Mine B,Deep West,DT-102,Dump Truck (60T),20.0,2.4,17.6
2026-07-20,Mine B,Deep West,DT-103,Dump Truck (60T),20.0,0.1,19.9
2026-07-20,Mine B,Deep West,DR-01,Rotary Blast Drill,20.0,1.0,19.0
2026-07-20,Mine B,Deep West,WL-01,Wheel Loader,20.0,1.6,18.4
2026-07-21,Mine A,North Block,EX-01,Hydraulic Excavator,20.0,0.4,19.6
2026-07-21,Mine A,North Block,EX-02,Hydraulic Excavator,20.0,0.5,19.5
2026-07-21,Mine A,North Block,DT-101,Dump Truck (60T),20.0,1.3,18.7
2026-07-21,Mine A,North Block,DT-102,Dump Truck (60T),20.0,3.2,16.8
2026-07-21,Mine A,North Block,DT-103,Dump Truck (60T),20.0,2.3,17.7
2026-07-21,Mine A,North Block,DR-01,Rotary Blast Drill,20.0,1.2,18.8
2026-07-21,Mine A,North Block,WL-01,Wheel Loader,20.0,1.8,18.2
2026-07-21,Mine A,South Pit,EX-01,Hydraulic Excavator,20.0,0.6,19.4
2026-07-21,Mine A,South Pit,EX-02,Hydraulic Excavator,20.0,1.4,18.6
2026-07-21,Mine A,South Pit,DT-101,Dump Truck (60T),20.0,0.9,19.1
2026-07-21,Mine A,South Pit,DT-102,Dump Truck (60T),20.0,0.3,19.7
2026-07-21,Mine A,South Pit,DT-103,Dump Truck (60T),20.0,1.7,18.3
2026-07-21,Mine A,South Pit,DR-01,Rotary Blast Drill,20.0,1.1,18.9
2026-07-21,Mine A,South Pit,WL-01,Wheel Loader,20.0,0.6,19.4
2026-07-21,Mine B,East Ridge,EX-01,Hydraulic Excavator,20.0,3.4,16.6
2026-07-21,Mine B,East Ridge,EX-02,Hydraulic Excavator,20.0,0.0,20.0
2026-07-21,Mine B,East Ridge,DT-101,Dump Truck (60T),20.0,0.5,19.5
2026-07-21,Mine B,East Ridge,DT-102,Dump Truck (60T),20.0,0.1,19.9
2026-07-21,Mine B,East Ridge,DT-103,Dump Truck (60T),20.0,2.0,18.0
2026-07-21,Mine B,East Ridge,DR-01,Rotary Blast Drill,20.0,1.7,18.3
2026-07-21,Mine B,East Ridge,WL-01,Wheel Loader,20.0,0.6,19.4
2026-07-21,Mine B,Deep West,EX-01,Hydraulic Excavator,20.0,1.6,18.4
2026-07-21,Mine B,Deep West,EX-02,Hydraulic Excavator,20.0,0.7,19.3
2026-07-21,Mine B,Deep West,DT-101,Dump Truck (60T),20.0,2.0,18.0
2026-07-21,Mine B,Deep West,DT-102,Dump Truck (60T),20.0,0.8,19.2
2026-07-21,Mine B,Deep West,DT-103,Dump Truck (60T),20.0,0.7,19.3
2026-07-21,Mine B,Deep West,DR-01,Rotary Blast Drill,20.0,3.8,16.2
2026-07-21,Mine B,Deep West,WL-01,Wheel Loader,20.0,0.4,19.6
2026-07-22,Mine A,North Block,EX-01,Hydraulic Excavator,20.0,0.2,19.8
2026-07-22,Mine A,North Block,EX-02,Hydraulic Excavator,20.0,1.2,18.8
2026-07-22,Mine A,North Block,DT-101,Dump Truck (60T),20.0,4.9,15.1
2026-07-22,Mine A,North Block,DT-102,Dump Truck (60T),20.0,0.7,19.3
2026-07-22,Mine A,North Block,DT-103,Dump Truck (60T),20.0,0.1,19.9
2026-07-22,Mine A,North Block,DR-01,Rotary Blast Drill,20.0,0.6,19.4
2026-07-22,Mine A,North Block,WL-01,Wheel Loader,20.0,1.0,19.0
2026-07-22,Mine A,South Pit,EX-01,Hydraulic Excavator,20.0,0.2,19.8
2026-07-22,Mine A,South Pit,EX-02,Hydraulic Excavator,20.0,1.5,18.5
2026-07-22,Mine A,South Pit,DT-101,Dump Truck (60T),20.0,8.0,12.0
2026-07-22,Mine A,South Pit,DT-102,Dump Truck (60T),20.0,0.8,19.2
2026-07-22,Mine A,South Pit,DT-103,Dump Truck (60T),20.0,0.6,19.4
2026-07-22,Mine A,South Pit,DR-01,Rotary Blast Drill,20.0,0.7,19.3
2026-07-22,Mine A,South Pit,WL-01,Wheel Loader,20.0,0.2,19.8
2026-07-22,Mine B,East Ridge,EX-01,Hydraulic Excavator,20.0,3.0,17.0
2026-07-22,Mine B,East Ridge,EX-02,Hydraulic Excavator,20.0,0.8,19.2
2026-07-22,Mine B,East Ridge,DT-101,Dump Truck (60T),20.0,0.7,19.3
2026-07-22,Mine B,East Ridge,DT-102,Dump Truck (60T),20.0,1.5,18.5
2026-07-22,Mine B,East Ridge,DT-103,Dump Truck (60T),20.0,0.8,19.2
2026-07-22,Mine B,East Ridge,DR-01,Rotary Blast Drill,20.0,1.5,18.5
2026-07-22,Mine B,East Ridge,WL-01,Wheel Loader,20.0,0.1,19.9
2026-07-22,Mine B,Deep West,EX-01,Hydraulic Excavator,20.0,2.4,17.6
2026-07-22,Mine B,Deep West,EX-02,Hydraulic Excavator,20.0,4.0,16.0
2026-07-22,Mine B,Deep West,DT-101,Dump Truck (60T),20.0,1.5,18.5
2026-07-22,Mine B,Deep West,DT-102,Dump Truck (60T),20.0,4.3,15.7
2026-07-22,Mine B,Deep West,DT-103,Dump Truck (60T),20.0,0.2,19.8
2026-07-22,Mine B,Deep West,DR-01,Rotary Blast Drill,20.0,0.9,19.1
2026-07-22,Mine B,Deep West,WL-01,Wheel Loader,20.0,1.3,18.7
2026-07-23,Mine A,North Block,EX-01,Hydraulic Excavator,20.0,1.2,18.8
2026-07-23,Mine A,North Block,EX-02,Hydraulic Excavator,20.0,0.7,19.3
2026-07-23,Mine A,North Block,DT-101,Dump Truck (60T),20.0,0.6,19.4
2026-07-23,Mine A,North Block,DT-102,Dump Truck (60T),20.0,0.2,19.8
2026-07-23,Mine A,North Block,DT-103,Dump Truck (60T),20.0,0.7,19.3
2026-07-23,Mine A,North Block,DR-01,Rotary Blast Drill,20.0,0.2,19.8
2026-07-23,Mine A,North Block,WL-01,Wheel Loader,20.0,1.9,18.1
2026-07-23,Mine A,South Pit,EX-01,Hydraulic Excavator,20.0,0.3,19.7
2026-07-23,Mine A,South Pit,EX-02,Hydraulic Excavator,20.0,0.1,19.9
2026-07-23,Mine A,South Pit,DT-101,Dump Truck (60T),20.0,1.1,18.9
2026-07-23,Mine A,South Pit,DT-102,Dump Truck (60T),20.0,1.3,18.7
2026-07-23,Mine A,South Pit,DT-103,Dump Truck (60T),20.0,2.9,17.1
2026-07-23,Mine A,South Pit,DR-01,Rotary Blast Drill,20.0,1.2,18.8
2026-07-23,Mine A,South Pit,WL-01,Wheel Loader,20.0,0.6,19.4
2026-07-23,Mine B,East Ridge,EX-01,Hydraulic Excavator,20.0,2.3,17.7
2026-07-23,Mine B,East Ridge,EX-02,Hydraulic Excavator,20.0,1.1,18.9
2026-07-23,Mine B,East Ridge,DT-101,Dump Truck (60T),20.0,0.1,19.9
2026-07-23,Mine B,East Ridge,DT-102,Dump Truck (60T),20.0,1.2,18.8
2026-07-23,Mine B,East Ridge,DT-103,Dump Truck (60T),20.0,3.3,16.7
2026-07-23,Mine B,East Ridge,DR-01,Rotary Blast Drill,20.0,0.7,19.3
2026-07-23,Mine B,East Ridge,WL-01,Wheel Loader,20.0,0.5,19.5
2026-07-23,Mine B,Deep West,EX-01,Hydraulic Excavator,20.0,0.2,19.8
2026-07-23,Mine B,Deep West,EX-02,Hydraulic Excavator,20.0,0.2,19.8
2026-07-23,Mine B,Deep West,DT-101,Dump Truck (60T),20.0,0.8,19.2
2026-07-23,Mine B,Deep West,DT-102,Dump Truck (60T),20.0,1.3,18.7
2026-07-23,Mine B,Deep West,DT-103,Dump Truck (60T),20.0,0.1,19.9
2026-07-23,Mine B,Deep West,DR-01,Rotary Blast Drill,20.0,3.9,16.1
2026-07-23,Mine B,Deep West,WL-01,Wheel Loader,20.0,2.0,18.0
2026-07-24,Mine A,North Block,EX-01,Hydraulic Excavator,20.0,1.2,18.8
2026-07-24,Mine A,North Block,EX-02,Hydraulic Excavator,20.0,2.5,17.5
2026-07-24,Mine A,North Block,DT-101,Dump Truck (60T),20.0,0.1,19.9
2026-07-24,Mine A,North Block,DT-102,Dump Truck (60T),20.0,0.9,19.1
2026-07-24,Mine A,North Block,DT-103,Dump Truck (60T),20.0,1.4,18.6
2026-07-24,Mine A,North Block,DR-01,Rotary Blast Drill,20.0,2.5,17.5
2026-07-24,Mine A,North Block,WL-01,Wheel Loader,20.0,2.1,17.9
2026-07-24,Mine A,South Pit,EX-01,Hydraulic Excavator,20.0,0.5,19.5
2026-07-24,Mine A,South Pit,EX-02,Hydraulic Excavator,20.0,4.0,16.0
2026-07-24,Mine A,South Pit,DT-101,Dump Truck (60T),20.0,0.2,19.8
2026-07-24,Mine A,South Pit,DT-102,Dump Truck (60T),20.0,2.9,17.1
2026-07-24,Mine A,South Pit,DT-103,Dump Truck (60T),20.0,5.0,15.0
2026-07-24,Mine A,South Pit,DR-01,Rotary Blast Drill,20.0,0.3,19.7
2026-07-24,Mine A,South Pit,WL-01,Wheel Loader,20.0,1.8,18.2
2026-07-24,Mine B,East Ridge,EX-01,Hydraulic Excavator,20.0,0.1,19.9
2026-07-24,Mine B,East Ridge,EX-02,Hydraulic Excavator,20.0,0.7,19.3
2026-07-24,Mine B,East Ridge,DT-101,Dump Truck (60T),20.0,1.0,19.0
2026-07-24,Mine B,East Ridge,DT-102,Dump Truck (60T),20.0,1.2,18.8
2026-07-24,Mine B,East Ridge,DT-103,Dump Truck (60T),20.0,3.8,16.2
2026-07-24,Mine B,East Ridge,DR-01,Rotary Blast Drill,20.0,1.6,18.4
2026-07-24,Mine B,East Ridge,WL-01,Wheel Loader,20.0,0.9,19.1
2026-07-24,Mine B,Deep West,EX-01,Hydraulic Excavator,20.0,2.3,17.7
2026-07-24,Mine B,Deep West,EX-02,Hydraulic Excavator,20.0,4.2,15.8
2026-07-24,Mine B,Deep West,DT-101,Dump Truck (60T),20.0,0.0,20.0
2026-07-24,Mine B,Deep West,DT-102,Dump Truck (60T),20.0,5.7,14.3
2026-07-24,Mine B,Deep West,DT-103,Dump Truck (60T),20.0,0.1,19.9
2026-07-24,Mine B,Deep West,DR-01,Rotary Blast Drill,20.0,2.4,17.6
2026-07-24,Mine B,Deep West,WL-01,Wheel Loader,20.0,0.5,19.5
2026-07-25,Mine A,North Block,EX-01,Hydraulic Excavator,20.0,0.2,19.8
2026-07-25,Mine A,North Block,EX-02,Hydraulic Excavator,20.0,0.8,19.2
2026-07-25,Mine A,North Block,DT-101,Dump Truck (60T),20.0,1.4,18.6
2026-07-25,Mine A,North Block,DT-102,Dump Truck (60T),20.0,0.7,19.3
2026-07-25,Mine A,North Block,DT-103,Dump Truck (60T),20.0,0.1,19.9
2026-07-25,Mine A,North Block,DR-01,Rotary Blast Drill,20.0,1.3,18.7
2026-07-25,Mine A,North Block,WL-01,Wheel Loader,20.0,3.3,16.7
2026-07-25,Mine A,South Pit,EX-01,Hydraulic Excavator,20.0,0.7,19.3
2026-07-25,Mine A,South Pit,EX-02,Hydraulic Excavator,20.0,0.3,19.7
2026-07-25,Mine A,South Pit,DT-101,Dump Truck (60T),20.0,0.8,19.2
2026-07-25,Mine A,South Pit,DT-102,Dump Truck (60T),20.0,0.1,19.9
2026-07-25,Mine A,South Pit,DT-103,Dump Truck (60T),20.0,2.4,17.6
2026-07-25,Mine A,South Pit,DR-01,Rotary Blast Drill,20.0,2.5,17.5
2026-07-25,Mine A,South Pit,WL-01,Wheel Loader,20.0,1.2,18.8
2026-07-25,Mine B,East Ridge,EX-01,Hydraulic Excavator,20.0,0.6,19.4
2026-07-25,Mine B,East Ridge,EX-02,Hydraulic Excavator,20.0,2.3,17.7
2026-07-25,Mine B,East Ridge,DT-101,Dump Truck (60T),20.0,1.1,18.9
2026-07-25,Mine B,East Ridge,DT-102,Dump Truck (60T),20.0,2.4,17.6
2026-07-25,Mine B,East Ridge,DT-103,Dump Truck (60T),20.0,1.4,18.6
2026-07-25,Mine B,East Ridge,DR-01,Rotary Blast Drill,20.0,2.1,17.9
2026-07-25,Mine B,East Ridge,WL-01,Wheel Loader,20.0,1.3,18.7
2026-07-25,Mine B,Deep West,EX-01,Hydraulic Excavator,20.0,0.7,19.3
2026-07-25,Mine B,Deep West,EX-02,Hydraulic Excavator,20.0,4.4,15.6
2026-07-25,Mine B,Deep West,DT-101,Dump Truck (60T),20.0,1.1,18.9
2026-07-25,Mine B,Deep West,DT-102,Dump Truck (60T),20.0,1.3,18.7
2026-07-25,Mine B,Deep West,DT-103,Dump Truck (60T),20.0,0.3,19.7
2026-07-25,Mine B,Deep West,DR-01,Rotary Blast Drill,20.0,1.4,18.6
2026-07-25,Mine B,Deep West,WL-01,Wheel Loader,20.0,1.2,18.8
2026-07-26,Mine A,North Block,EX-01,Hydraulic Excavator,20.0,0.3,19.7
2026-07-26,Mine A,North Block,EX-02,Hydraulic Excavator,20.0,0.1,19.9
2026-07-26,Mine A,North Block,DT-101,Dump Truck (60T),20.0,1.3,18.7
2026-07-26,Mine A,North Block,DT-102,Dump Truck (60T),20.0,2.0,18.0
2026-07-26,Mine A,North Block,DT-103,Dump Truck (60T),20.0,1.0,19.0
2026-07-26,Mine A,North Block,DR-01,Rotary Blast Drill,20.0,0.4,19.6
2026-07-26,Mine A,North Block,WL-01,Wheel Loader,20.0,1.5,18.5
2026-07-26,Mine A,South Pit,EX-01,Hydraulic Excavator,20.0,0.1,19.9
2026-07-26,Mine A,South Pit,EX-02,Hydraulic Excavator,20.0,0.8,19.2
2026-07-26,Mine A,South Pit,DT-101,Dump Truck (60T),20.0,0.2,19.8
2026-07-26,Mine A,South Pit,DT-102,Dump Truck (60T),20.0,0.3,19.7
2026-07-26,Mine A,South Pit,DT-103,Dump Truck (60T),20.0,0.3,19.7
2026-07-26,Mine A,South Pit,DR-01,Rotary Blast Drill,20.0,0.7,19.3
2026-07-26,Mine A,South Pit,WL-01,Wheel Loader,20.0,0.1,19.9
2026-07-26,Mine B,East Ridge,EX-01,Hydraulic Excavator,20.0,0.7,19.3
2026-07-26,Mine B,East Ridge,EX-02,Hydraulic Excavator,20.0,1.0,19.0
2026-07-26,Mine B,East Ridge,DT-101,Dump Truck (60T),20.0,0.9,19.1
2026-07-26,Mine B,East Ridge,DT-102,Dump Truck (60T),20.0,0.7,19.3
2026-07-26,Mine B,East Ridge,DT-103,Dump Truck (60T),20.0,2.6,17.4
2026-07-26,Mine B,East Ridge,DR-01,Rotary Blast Drill,20.0,0.2,19.8
2026-07-26,Mine B,East Ridge,WL-01,Wheel Loader,20.0,1.0,19.0
2026-07-26,Mine B,Deep West,EX-01,Hydraulic Excavator,20.0,0.1,19.9
2026-07-26,Mine B,Deep West,EX-02,Hydraulic Excavator,20.0,0.1,19.9
2026-07-26,Mine B,Deep West,DT-101,Dump Truck (60T),20.0,1.2,18.8
2026-07-26,Mine B,Deep West,DT-102,Dump Truck (60T),20.0,1.2,18.8
2026-07-26,Mine B,Deep West,DT-103,Dump Truck (60T),20.0,2.9,17.1
2026-07-26,Mine B,Deep West,DR-01,Rotary Blast Drill,20.0,1.1,18.9
2026-07-26,Mine B,Deep West,WL-01,Wheel Loader,20.0,4.5,15.5
2026-07-27,Mine A,North Block,EX-01,Hydraulic Excavator,20.0,0.1,19.9
2026-07-27,Mine A,North Block,EX-02,Hydraulic Excavator,20.0,0.1,19.9
2026-07-27,Mine A,North Block,DT-101,Dump Truck (60T),20.0,0.1,19.9
2026-07-27,Mine A,North Block,DT-102,Dump Truck (60T),20.0,0.3,19.7
2026-07-27,Mine A,North Block,DT-103,Dump Truck (60T),20.0,1.1,18.9
2026-07-27,Mine A,North Block,DR-01,Rotary Blast Drill,20.0,1.5,18.5
2026-07-27,Mine A,North Block,WL-01,Wheel Loader,20.0,0.1,19.9
2026-07-27,Mine A,South Pit,EX-01,Hydraulic Excavator,20.0,4.1,15.9
2026-07-27,Mine A,South Pit,EX-02,Hydraulic Excavator,20.0,2.6,17.4
2026-07-27,Mine A,South Pit,DT-101,Dump Truck (60T),20.0,0.5,19.5
2026-07-27,Mine A,South Pit,DT-102,Dump Truck (60T),20.0,0.1,19.9
2026-07-27,Mine A,South Pit,DT-103,Dump Truck (60T),20.0,0.3,19.7
2026-07-27,Mine A,South Pit,DR-01,Rotary Blast Drill,20.0,0.2,19.8
2026-07-27,Mine A,South Pit,WL-01,Wheel Loader,20.0,0.2,19.8
2026-07-27,Mine B,East Ridge,EX-01,Hydraulic Excavator,20.0,1.0,19.0
2026-07-27,Mine B,East Ridge,EX-02,Hydraulic Excavator,20.0,0.4,19.6
2026-07-27,Mine B,East Ridge,DT-101,Dump Truck (60T),20.0,0.6,19.4
2026-07-27,Mine B,East Ridge,DT-102,Dump Truck (60T),20.0,6.4,13.6
2026-07-27,Mine B,East Ridge,DT-103,Dump Truck (60T),20.0,1.6,18.4
2026-07-27,Mine B,East Ridge,DR-01,Rotary Blast Drill,20.0,4.2,15.8
2026-07-27,Mine B,East Ridge,WL-01,Wheel Loader,20.0,0.2,19.8
2026-07-27,Mine B,Deep West,EX-01,Hydraulic Excavator,20.0,0.7,19.3
2026-07-27,Mine B,Deep West,EX-02,Hydraulic Excavator,20.0,1.1,18.9
2026-07-27,Mine B,Deep West,DT-101,Dump Truck (60T),20.0,0.1,19.9
2026-07-27,Mine B,Deep West,DT-102,Dump Truck (60T),20.0,0.0,20.0
2026-07-27,Mine B,Deep West,DT-103,Dump Truck (60T),20.0,1.6,18.4
2026-07-27,Mine B,Deep West,DR-01,Rotary Blast Drill,20.0,1.4,18.6
2026-07-27,Mine B,Deep West,WL-01,Wheel Loader,20.0,0.7,19.3
2026-07-28,Mine A,North Block,EX-01,Hydraulic Excavator,20.0,0.9,19.1
2026-07-28,Mine A,North Block,EX-02,Hydraulic Excavator,20.0,0.8,19.2
2026-07-28,Mine A,North Block,DT-101,Dump Truck (60T),20.0,0.0,20.0
2026-07-28,Mine A,North Block,DT-102,Dump Truck (60T),20.0,0.6,19.4
2026-07-28,Mine A,North Block,DT-103,Dump Truck (60T),20.0,0.3,19.7
2026-07-28,Mine A,North Block,DR-01,Rotary Blast Drill,20.0,0.1,19.9
2026-07-28,Mine A,North Block,WL-01,Wheel Loader,20.0,4.4,15.6
2026-07-28,Mine A,South Pit,EX-01,Hydraulic Excavator,20.0,1.3,18.7
2026-07-28,Mine A,South Pit,EX-02,Hydraulic Excavator,20.0,1.8,18.2
2026-07-28,Mine A,South Pit,DT-101,Dump Truck (60T),20.0,0.5,19.5
2026-07-28,Mine A,South Pit,DT-102,Dump Truck (60T),20.0,0.7,19.3
2026-07-28,Mine A,South Pit,DT-103,Dump Truck (60T),20.0,0.4,19.6
2026-07-28,Mine A,South Pit,DR-01,Rotary Blast Drill,20.0,0.1,19.9
2026-07-28,Mine A,South Pit,WL-01,Wheel Loader,20.0,0.3,19.7
2026-07-28,Mine B,East Ridge,EX-01,Hydraulic Excavator,20.0,2.2,17.8
2026-07-28,Mine B,East Ridge,EX-02,Hydraulic Excavator,20.0,1.6,18.4
2026-07-28,Mine B,East Ridge,DT-101,Dump Truck (60T),20.0,1.1,18.9
2026-07-28,Mine B,East Ridge,DT-102,Dump Truck (60T),20.0,0.9,19.1
2026-07-28,Mine B,East Ridge,DT-103,Dump Truck (60T),20.0,3.6,16.4
2026-07-28,Mine B,East Ridge,DR-01,Rotary Blast Drill,20.0,0.1,19.9
2026-07-28,Mine B,East Ridge,WL-01,Wheel Loader,20.0,0.5,19.5
2026-07-28,Mine B,Deep West,EX-01,Hydraulic Excavator,20.0,0.6,19.4
2026-07-28,Mine B,Deep West,EX-02,Hydraulic Excavator,20.0,2.1,17.9
2026-07-28,Mine B,Deep West,DT-101,Dump Truck (60T),20.0,6.9,13.1
2026-07-28,Mine B,Deep West,DT-102,Dump Truck (60T),20.0,0.4,19.6
2026-07-28,Mine B,Deep West,DT-103,Dump Truck (60T),20.0,2.9,17.1
2026-07-28,Mine B,Deep West,DR-01,Rotary Blast Drill,20.0,2.5,17.5
2026-07-28,Mine B,Deep West,WL-01,Wheel Loader,20.0,0.4,19.6
2026-07-29,Mine A,North Block,EX-01,Hydraulic Excavator,20.0,0.7,19.3
2026-07-29,Mine A,North Block,EX-02,Hydraulic Excavator,20.0,0.7,19.3
2026-07-29,Mine A,North Block,DT-101,Dump Truck (60T),20.0,5.4,14.6
2026-07-29,Mine A,North Block,DT-102,Dump Truck (60T),20.0,0.3,19.7
2026-07-29,Mine A,North Block,DT-103,Dump Truck (60T),20.0,2.2,17.8
2026-07-29,Mine A,North Block,DR-01,Rotary Blast Drill,20.0,0.6,19.4
2026-07-29,Mine A,North Block,WL-01,Wheel Loader,20.0,1.8,18.2
2026-07-29,Mine A,South Pit,EX-01,Hydraulic Excavator,20.0,0.8,19.2
2026-07-29,Mine A,South Pit,EX-02,Hydraulic Excavator,20.0,1.2,18.8
2026-07-29,Mine A,South Pit,DT-101,Dump Truck (60T),20.0,2.5,17.5
2026-07-29,Mine A,South Pit,DT-102,Dump Truck (60T),20.0,2.3,17.7
2026-07-29,Mine A,South Pit,DT-103,Dump Truck (60T),20.0,2.8,17.2
2026-07-29,Mine A,South Pit,DR-01,Rotary Blast Drill,20.0,0.1,19.9
2026-07-29,Mine A,South Pit,WL-01,Wheel Loader,20.0,1.6,18.4
2026-07-29,Mine B,East Ridge,EX-01,Hydraulic Excavator,20.0,0.2,19.8
2026-07-29,Mine B,East Ridge,EX-02,Hydraulic Excavator,20.0,0.8,19.2
2026-07-29,Mine B,East Ridge,DT-101,Dump Truck (60T),20.0,1.1,18.9
2026-07-29,Mine B,East Ridge,DT-102,Dump Truck (60T),20.0,0.7,19.3
2026-07-29,Mine B,East Ridge,DT-103,Dump Truck (60T),20.0,1.0,19.0
2026-07-29,Mine B,East Ridge,DR-01,Rotary Blast Drill,20.0,7.9,12.1
2026-07-29,Mine B,East Ridge,WL-01,Wheel Loader,20.0,0.2,19.8
2026-07-29,Mine B,Deep West,EX-01,Hydraulic Excavator,20.0,1.6,18.4
2026-07-29,Mine B,Deep West,EX-02,Hydraulic Excavator,20.0,0.7,19.3
2026-07-29,Mine B,Deep West,DT-101,Dump Truck (60T),20.0,0.2,19.8
2026-07-29,Mine B,Deep West,DT-102,Dump Truck (60T),20.0,0.2,19.8
2026-07-29,Mine B,Deep West,DT-103,Dump Truck (60T),20.0,4.2,15.8
2026-07-29,Mine B,Deep West,DR-01,Rotary Blast Drill,20.0,3.0,17.0
2026-07-29,Mine B,Deep West,WL-01,Wheel Loader,20.0,3.3,16.7
2026-07-30,Mine A,North Block,EX-01,Hydraulic Excavator,20.0,6.7,13.3
2026-07-30,Mine A,North Block,EX-02,Hydraulic Excavator,20.0,0.3,19.7
2026-07-30,Mine A,North Block,DT-101,Dump Truck (60T),20.0,0.6,19.4
2026-07-30,Mine A,North Block,DT-102,Dump Truck (60T),20.0,1.5,18.5
2026-07-30,Mine A,North Block,DT-103,Dump Truck (60T),20.0,0.9,19.1
2026-07-30,Mine A,North Block,DR-01,Rotary Blast Drill,20.0,0.8,19.2
2026-07-30,Mine A,North Block,WL-01,Wheel Loader,20.0,0.6,19.4
2026-07-30,Mine A,South Pit,EX-01,Hydraulic Excavator,20.0,1.3,18.7
2026-07-30,Mine A,South Pit,EX-02,Hydraulic Excavator,20.0,1.2,18.8
2026-07-30,Mine A,South Pit,DT-101,Dump Truck (60T),20.0,0.2,19.8
2026-07-30,Mine A,South Pit,DT-102,Dump Truck (60T),20.0,0.9,19.1
2026-07-30,Mine A,South Pit,DT-103,Dump Truck (60T),20.0,1.1,18.9
2026-07-30,Mine A,South Pit,DR-01,Rotary Blast Drill,20.0,1.2,18.8
2026-07-30,Mine A,South Pit,WL-01,Wheel Loader,20.0,0.3,19.7
2026-07-30,Mine B,East Ridge,EX-01,Hydraulic Excavator,20.0,1.9,18.1
2026-07-30,Mine B,East Ridge,EX-02,Hydraulic Excavator,20.0,0.0,20.0
2026-07-30,Mine B,East Ridge,DT-101,Dump Truck (60T),20.0,0.6,19.4
2026-07-30,Mine B,East Ridge,DT-102,Dump Truck (60T),20.0,2.1,17.9
2026-07-30,Mine B,East Ridge,DT-103,Dump Truck (60T),20.0,1.2,18.8
2026-07-30,Mine B,East Ridge,DR-01,Rotary Blast Drill,20.0,0.4,19.6
2026-07-30,Mine B,East Ridge,WL-01,Wheel Loader,20.0,1.7,18.3
2026-07-30,Mine B,Deep West,EX-01,Hydraulic Excavator,20.0,1.2,18.8
2026-07-30,Mine B,Deep West,EX-02,Hydraulic Excavator,20.0,2.2,17.8
2026-07-30,Mine B,Deep West,DT-101,Dump Truck (60T),20.0,1.9,18.1
2026-07-30,Mine B,Deep West,DT-102,Dump Truck (60T),20.0,1.3,18.7
2026-07-30,Mine B,Deep West,DT-103,Dump Truck (60T),20.0,0.9,19.1
2026-07-30,Mine B,Deep West,DR-01,Rotary Blast Drill,20.0,0.2,19.8
2026-07-30,Mine B,Deep West,WL-01,Wheel Loader,20.0,0.4,19.6
2026-07-31,Mine A,North Block,EX-01,Hydraulic Excavator,20.0,0.8,19.2
2026-07-31,Mine A,North Block,EX-02,Hydraulic Excavator,20.0,1.3,18.7
2026-07-31,Mine A,North Block,DT-101,Dump Truck (60T),20.0,1.0,19.0
2026-07-31,Mine A,North Block,DT-102,Dump Truck (60T),20.0,0.5,19.5
2026-07-31,Mine A,North Block,DT-103,Dump Truck (60T),20.0,0.0,20.0
2026-07-31,Mine A,North Block,DR-01,Rotary Blast Drill,20.0,1.0,19.0
2026-07-31,Mine A,North Block,WL-01,Wheel Loader,20.0,0.5,19.5
2026-07-31,Mine A,South Pit,EX-01,Hydraulic Excavator,20.0,1.9,18.1
2026-07-31,Mine A,South Pit,EX-02,Hydraulic Excavator,20.0,0.0,20.0
2026-07-31,Mine A,South Pit,DT-101,Dump Truck (60T),20.0,1.2,18.8
2026-07-31,Mine A,South Pit,DT-102,Dump Truck (60T),20.0,4.0,16.0
2026-07-31,Mine A,South Pit,DT-103,Dump Truck (60T),20.0,0.3,19.7
2026-07-31,Mine A,South Pit,DR-01,Rotary Blast Drill,20.0,0.9,19.1
2026-07-31,Mine A,South Pit,WL-01,Wheel Loader,20.0,0.1,19.9
2026-07-31,Mine B,East Ridge,EX-01,Hydraulic Excavator,20.0,1.4,18.6
2026-07-31,Mine B,East Ridge,EX-02,Hydraulic Excavator,20.0,1.1,18.9
2026-07-31,Mine B,East Ridge,DT-101,Dump Truck (60T),20.0,0.7,19.3
2026-07-31,Mine B,East Ridge,DT-102,Dump Truck (60T),20.0,1.0,19.0
2026-07-31,Mine B,East Ridge,DT-103,Dump Truck (60T),20.0,3.2,16.8
2026-07-31,Mine B,East Ridge,DR-01,Rotary Blast Drill,20.0,0.3,19.7
2026-07-31,Mine B,East Ridge,WL-01,Wheel Loader,20.0,0.0,20.0
2026-07-31,Mine B,Deep West,EX-01,Hydraulic Excavator,20.0,2.8,17.2
2026-07-31,Mine B,Deep West,EX-02,Hydraulic Excavator,20.0,1.2,18.8
2026-07-31,Mine B,Deep West,DT-101,Dump Truck (60T),20.0,3.1,16.9
2026-07-31,Mine B,Deep West,DT-102,Dump Truck (60T),20.0,1.3,18.7
2026-07-31,Mine B,Deep West,DT-103,Dump Truck (60T),20.0,2.3,17.7
2026-07-31,Mine B,Deep West,DR-01,Rotary Blast Drill,20.0,0.8,19.2
2026-07-31,Mine B,Deep West,WL-01,Wheel Loader,20.0,1.9,18.1
2026-08-01,Mine A,North Block,EX-01,Hydraulic Excavator,20.0,3.4,16.6
2026-08-01,Mine A,North Block,EX-02,Hydraulic Excavator,20.0,1.2,18.8
2026-08-01,Mine A,North Block,DT-101,Dump Truck (60T),20.0,0.3,19.7
2026-08-01,Mine A,North Block,DT-102,Dump Truck (60T),20.0,0.4,19.6
2026-08-01,Mine A,North Block,DT-103,Dump Truck (60T),20.0,0.3,19.7
2026-08-01,Mine A,North Block,DR-01,Rotary Blast Drill,20.0,0.4,19.6
2026-08-01,Mine A,North Block,WL-01,Wheel Loader,20.0,0.5,19.5
2026-08-01,Mine A,South Pit,EX-01,Hydraulic Excavator,20.0,1.1,18.9
2026-08-01,Mine A,South Pit,EX-02,Hydraulic Excavator,20.0,1.2,18.8
2026-08-01,Mine A,South Pit,DT-101,Dump Truck (60T),20.0,0.8,19.2
2026-08-01,Mine A,South Pit,DT-102,Dump Truck (60T),20.0,1.3,18.7
2026-08-01,Mine A,South Pit,DT-103,Dump Truck (60T),20.0,0.1,19.9
2026-08-01,Mine A,South Pit,DR-01,Rotary Blast Drill,20.0,0.1,19.9
2026-08-01,Mine A,South Pit,WL-01,Wheel Loader,20.0,0.3,19.7
2026-08-01,Mine B,East Ridge,EX-01,Hydraulic Excavator,20.0,1.0,19.0
2026-08-01,Mine B,East Ridge,EX-02,Hydraulic Excavator,20.0,0.3,19.7
2026-08-01,Mine B,East Ridge,DT-101,Dump Truck (60T),20.0,0.5,19.5
2026-08-01,Mine B,East Ridge,DT-102,Dump Truck (60T),20.0,0.7,19.3
2026-08-01,Mine B,East Ridge,DT-103,Dump Truck (60T),20.0,2.3,17.7
2026-08-01,Mine B,East Ridge,DR-01,Rotary Blast Drill,20.0,0.0,20.0
2026-08-01,Mine B,East Ridge,WL-01,Wheel Loader,20.0,1.5,18.5
2026-08-01,Mine B,Deep West,EX-01,Hydraulic Excavator,20.0,1.5,18.5
2026-08-01,Mine B,Deep West,EX-02,Hydraulic Excavator,20.0,2.2,17.8
2026-08-01,Mine B,Deep West,DT-101,Dump Truck (60T),20.0,3.8,16.2
2026-08-01,Mine B,Deep West,DT-102,Dump Truck (60T),20.0,0.0,20.0
2026-08-01,Mine B,Deep West,DT-103,Dump Truck (60T),20.0,0.2,19.8
2026-08-01,Mine B,Deep West,DR-01,Rotary Blast Drill,20.0,3.0,17.0
2026-08-01,Mine B,Deep West,WL-01,Wheel Loader,20.0,0.9,19.1
2026-08-02,Mine A,North Block,EX-01,Hydraulic Excavator,20.0,1.2,18.8
2026-08-02,Mine A,North Block,EX-02,Hydraulic Excavator,20.0,1.5,18.5
2026-08-02,Mine A,North Block,DT-101,Dump Truck (60T),20.0,1.6,18.4
2026-08-02,Mine A,North Block,DT-102,Dump Truck (60T),20.0,3.8,16.2
2026-08-02,Mine A,North Block,DT-103,Dump Truck (60T),20.0,8.0,12.0
2026-08-02,Mine A,North Block,DR-01,Rotary Blast Drill,20.0,1.8,18.2
2026-08-02,Mine A,North Block,WL-01,Wheel Loader,20.0,0.5,19.5
2026-08-02,Mine A,South Pit,EX-01,Hydraulic Excavator,20.0,3.0,17.0
2026-08-02,Mine A,South Pit,EX-02,Hydraulic Excavator,20.0,0.1,19.9
2026-08-02,Mine A,South Pit,DT-101,Dump Truck (60T),20.0,0.4,19.6
2026-08-02,Mine A,South Pit,DT-102,Dump Truck (60T),20.0,3.2,16.8
2026-08-02,Mine A,South Pit,DT-103,Dump Truck (60T),20.0,0.4,19.6
2026-08-02,Mine A,South Pit,DR-01,Rotary Blast Drill,20.0,0.3,19.7
2026-08-02,Mine A,South Pit,WL-01,Wheel Loader,20.0,0.2,19.8
2026-08-02,Mine B,East Ridge,EX-01,Hydraulic Excavator,20.0,2.7,17.3
2026-08-02,Mine B,East Ridge,EX-02,Hydraulic Excavator,20.0,1.0,19.0
2026-08-02,Mine B,East Ridge,DT-101,Dump Truck (60T),20.0,1.6,18.4
2026-08-02,Mine B,East Ridge,DT-102,Dump Truck (60T),20.0,0.4,19.6
2026-08-02,Mine B,East Ridge,DT-103,Dump Truck (60T),20.0,2.0,18.0
2026-08-02,Mine B,East Ridge,DR-01,Rotary Blast Drill,20.0,2.0,18.0
2026-08-02,Mine B,East Ridge,WL-01,Wheel Loader,20.0,0.5,19.5
2026-08-02,Mine B,Deep West,EX-01,Hydraulic Excavator,20.0,0.7,19.3
2026-08-02,Mine B,Deep West,EX-02,Hydraulic Excavator,20.0,0.3,19.7
2026-08-02,Mine B,Deep West,DT-101,Dump Truck (60T),20.0,5.3,14.7
2026-08-02,Mine B,Deep West,DT-102,Dump Truck (60T),20.0,1.5,18.5
2026-08-02,Mine B,Deep West,DT-103,Dump Truck (60T),20.0,3.8,16.2
2026-08-02,Mine B,Deep West,DR-01,Rotary Blast Drill,20.0,0.5,19.5
2026-08-02,Mine B,Deep West,WL-01,Wheel Loader,20.0,2.1,17.9
2026-08-03,Mine A,North Block,EX-01,Hydraulic Excavator,20.0,2.0,18.0
2026-08-03,Mine A,North Block,EX-02,Hydraulic Excavator,20.0,1.6,18.4
2026-08-03,Mine A,North Block,DT-101,Dump Truck (60T),20.0,4.7,15.3
2026-08-03,Mine A,North Block,DT-102,Dump Truck (60T),20.0,0.7,19.3
2026-08-03,Mine A,North Block,DT-103,Dump Truck (60T),20.0,0.2,19.8
2026-08-03,Mine A,North Block,DR-01,Rotary Blast Drill,20.0,1.6,18.4
2026-08-03,Mine A,North Block,WL-01,Wheel Loader,20.0,1.8,18.2
2026-08-03,Mine A,South Pit,EX-01,Hydraulic Excavator,20.0,1.2,18.8
2026-08-03,Mine A,South Pit,EX-02,Hydraulic Excavator,20.0,0.3,19.7
2026-08-03,Mine A,South Pit,DT-101,Dump Truck (60T),20.0,1.0,19.0
2026-08-03,Mine A,South Pit,DT-102,Dump Truck (60T),20.0,0.5,19.5
2026-08-03,Mine A,South Pit,DT-103,Dump Truck (60T),20.0,0.8,19.2
2026-08-03,Mine A,South Pit,DR-01,Rotary Blast Drill,20.0,1.5,18.5
2026-08-03,Mine A,South Pit,WL-01,Wheel Loader,20.0,1.9,18.1
2026-08-03,Mine B,East Ridge,EX-01,Hydraulic Excavator,20.0,0.4,19.6
2026-08-03,Mine B,East Ridge,EX-02,Hydraulic Excavator,20.0,0.7,19.3
2026-08-03,Mine B,East Ridge,DT-101,Dump Truck (60T),20.0,0.4,19.6
2026-08-03,Mine B,East Ridge,DT-102,Dump Truck (60T),20.0,0.3,19.7
2026-08-03,Mine B,East Ridge,DT-103,Dump Truck (60T),20.0,2.1,17.9
2026-08-03,Mine B,East Ridge,DR-01,Rotary Blast Drill,20.0,3.4,16.6
2026-08-03,Mine B,East Ridge,WL-01,Wheel Loader,20.0,0.6,19.4
2026-08-03,Mine B,Deep West,EX-01,Hydraulic Excavator,20.0,1.9,18.1
2026-08-03,Mine B,Deep West,EX-02,Hydraulic Excavator,20.0,3.2,16.8
2026-08-03,Mine B,Deep West,DT-101,Dump Truck (60T),20.0,2.6,17.4
2026-08-03,Mine B,Deep West,DT-102,Dump Truck (60T),20.0,0.3,19.7
2026-08-03,Mine B,Deep West,DT-103,Dump Truck (60T),20.0,4.4,15.6
2026-08-03,Mine B,Deep West,DR-01,Rotary Blast Drill,20.0,0.7,19.3
2026-08-03,Mine B,Deep West,WL-01,Wheel Loader,20.0,0.6,19.4
2026-08-04,Mine A,North Block,EX-01,Hydraulic Excavator,20.0,0.1,19.9
2026-08-04,Mine A,North Block,EX-02,Hydraulic Excavator,20.0,0.9,19.1
2026-08-04,Mine A,North Block,DT-101,Dump Truck (60T),20.0,0.2,19.8
2026-08-04,Mine A,North Block,DT-102,Dump Truck (60T),20.0,0.4,19.6
2026-08-04,Mine A,North Block,DT-103,Dump Truck (60T),20.0,0.5,19.5
2026-08-04,Mine A,North Block,DR-01,Rotary Blast Drill,20.0,2.3,17.7
2026-08-04,Mine A,North Block,WL-01,Wheel Loader,20.0,2.9,17.1
2026-08-04,Mine A,South Pit,EX-01,Hydraulic Excavator,20.0,0.5,19.5
2026-08-04,Mine A,South Pit,EX-02,Hydraulic Excavator,20.0,2.7,17.3
2026-08-04,Mine A,South Pit,DT-101,Dump Truck (60T),20.0,2.7,17.3
2026-08-04,Mine A,South Pit,DT-102,Dump Truck (60T),20.0,2.0,18.0
2026-08-04,Mine A,South Pit,DT-103,Dump Truck (60T),20.0,0.2,19.8
2026-08-04,Mine A,South Pit,DR-01,Rotary Blast Drill,20.0,1.6,18.4
2026-08-04,Mine A,South Pit,WL-01,Wheel Loader,20.0,4.1,15.9
2026-08-04,Mine B,East Ridge,EX-01,Hydraulic Excavator,20.0,1.6,18.4
2026-08-04,Mine B,East Ridge,EX-02,Hydraulic Excavator,20.0,0.6,19.4
2026-08-04,Mine B,East Ridge,DT-101,Dump Truck (60T),20.0,1.0,19.0
2026-08-04,Mine B,East Ridge,DT-102,Dump Truck (60T),20.0,1.5,18.5
2026-08-04,Mine B,East Ridge,DT-103,Dump Truck (60T),20.0,1.0,19.0
2026-08-04,Mine B,East Ridge,DR-01,Rotary Blast Drill,20.0,0.2,19.8
2026-08-04,Mine B,East Ridge,WL-01,Wheel Loader,20.0,0.5,19.5
2026-08-04,Mine B,Deep West,EX-01,Hydraulic Excavator,20.0,2.3,17.7
2026-08-04,Mine B,Deep West,EX-02,Hydraulic Excavator,20.0,2.8,17.2
2026-08-04,Mine B,Deep West,DT-101,Dump Truck (60T),20.0,0.2,19.8
2026-08-04,Mine B,Deep West,DT-102,Dump Truck (60T),20.0,4.3,15.7
2026-08-04,Mine B,Deep West,DT-103,Dump Truck (60T),20.0,0.6,19.4
2026-08-04,Mine B,Deep West,DR-01,Rotary Blast Drill,20.0,1.5,18.5
2026-08-04,Mine B,Deep West,WL-01,Wheel Loader,20.0,2.0,18.0
2026-08-05,Mine A,North Block,EX-01,Hydraulic Excavator,20.0,2.3,17.7
2026-08-05,Mine A,North Block,EX-02,Hydraulic Excavator,20.0,4.1,15.9
2026-08-05,Mine A,North Block,DT-101,Dump Truck (60T),20.0,0.5,19.5
2026-08-05,Mine A,North Block,DT-102,Dump Truck (60T),20.0,2.7,17.3
2026-08-05,Mine A,North Block,DT-103,Dump Truck (60T),20.0,0.2,19.8
2026-08-05,Mine A,North Block,DR-01,Rotary Blast Drill,20.0,1.7,18.3
2026-08-05,Mine A,North Block,WL-01,Wheel Loader,20.0,1.9,18.1
2026-08-05,Mine A,South Pit,EX-01,Hydraulic Excavator,20.0,1.6,18.4
2026-08-05,Mine A,South Pit,EX-02,Hydraulic Excavator,20.0,0.4,19.6
2026-08-05,Mine A,South Pit,DT-101,Dump Truck (60T),20.0,2.9,17.1
2026-08-05,Mine A,South Pit,DT-102,Dump Truck (60T),20.0,0.3,19.7
2026-08-05,Mine A,South Pit,DT-103,Dump Truck (60T),20.0,0.1,19.9
2026-08-05,Mine A,South Pit,DR-01,Rotary Blast Drill,20.0,1.8,18.2
2026-08-05,Mine A,South Pit,WL-01,Wheel Loader,20.0,0.9,19.1
2026-08-05,Mine B,East Ridge,EX-01,Hydraulic Excavator,20.0,2.6,17.4
2026-08-05,Mine B,East Ridge,EX-02,Hydraulic Excavator,20.0,0.7,19.3
2026-08-05,Mine B,East Ridge,DT-101,Dump Truck (60T),20.0,0.3,19.7
2026-08-05,Mine B,East Ridge,DT-102,Dump Truck (60T),20.0,2.5,17.5
2026-08-05,Mine B,East Ridge,DT-103,Dump Truck (60T),20.0,1.1,18.9
2026-08-05,Mine B,East Ridge,DR-01,Rotary Blast Drill,20.0,0.3,19.7
2026-08-05,Mine B,East Ridge,WL-01,Wheel Loader,20.0,1.8,18.2
2026-08-05,Mine B,Deep West,EX-01,Hydraulic Excavator,20.0,1.0,19.0
2026-08-05,Mine B,Deep West,EX-02,Hydraulic Excavator,20.0,1.3,18.7
2026-08-05,Mine B,Deep West,DT-101,Dump Truck (60T),20.0,0.9,19.1
2026-08-05,Mine B,Deep West,DT-102,Dump Truck (60T),20.0,2.5,17.5
2026-08-05,Mine B,Deep West,DT-103,Dump Truck (60T),20.0,2.5,17.5
2026-08-05,Mine B,Deep West,DR-01,Rotary Blast Drill,20.0,1.7,18.3
2026-08-05,Mine B,Deep West,WL-01,Wheel Loader,20.0,0.2,19.8
2026-08-06,Mine A,North Block,EX-01,Hydraulic Excavator,20.0,2.6,17.4
2026-08-06,Mine A,North Block,EX-02,Hydraulic Excavator,20.0,1.6,18.4
2026-08-06,Mine A,North Block,DT-101,Dump Truck (60T),20.0,1.7,18.3
2026-08-06,Mine A,North Block,DT-102,Dump Truck (60T),20.0,0.6,19.4
2026-08-06,Mine A,North Block,DT-103,Dump Truck (60T),20.0,3.0,17.0
2026-08-06,Mine A,North Block,DR-01,Rotary Blast Drill,20.0,1.8,18.2
2026-08-06,Mine A,North Block,WL-01,Wheel Loader,20.0,0.2,19.8
2026-08-06,Mine A,South Pit,EX-01,Hydraulic Excavator,20.0,0.7,19.3
2026-08-06,Mine A,South Pit,EX-02,Hydraulic Excavator,20.0,3.0,17.0
2026-08-06,Mine A,South Pit,DT-101,Dump Truck (60T),20.0,0.1,19.9
2026-08-06,Mine A,South Pit,DT-102,Dump Truck (60T),20.0,4.6,15.4
2026-08-06,Mine A,South Pit,DT-103,Dump Truck (60T),20.0,1.6,18.4
2026-08-06,Mine A,South Pit,DR-01,Rotary Blast Drill,20.0,1.4,18.6
2026-08-06,Mine A,South Pit,WL-01,Wheel Loader,20.0,0.4,19.6
2026-08-06,Mine B,East Ridge,EX-01,Hydraulic Excavator,20.0,0.4,19.6
2026-08-06,Mine B,East Ridge,EX-02,Hydraulic Excavator,20.0,4.0,16.0
2026-08-06,Mine B,East Ridge,DT-101,Dump Truck (60T),20.0,0.5,19.5
2026-08-06,Mine B,East Ridge,DT-102,Dump Truck (60T),20.0,2.1,17.9
2026-08-06,Mine B,East Ridge,DT-103,Dump Truck (60T),20.0,0.7,19.3
2026-08-06,Mine B,East Ridge,DR-01,Rotary Blast Drill,20.0,0.2,19.8
2026-08-06,Mine B,East Ridge,WL-01,Wheel Loader,20.0,0.0,20.0
2026-08-06,Mine B,Deep West,EX-01,Hydraulic Excavator,20.0,1.1,18.9
2026-08-06,Mine B,Deep West,EX-02,Hydraulic Excavator,20.0,5.2,14.8
2026-08-06,Mine B,Deep West,DT-101,Dump Truck (60T),20.0,0.6,19.4
2026-08-06,Mine B,Deep West,DT-102,Dump Truck (60T),20.0,0.6,19.4
2026-08-06,Mine B,Deep West,DT-103,Dump Truck (60T),20.0,0.6,19.4
2026-08-06,Mine B,Deep West,DR-01,Rotary Blast Drill,20.0,1.0,19.0
2026-08-06,Mine B,Deep West,WL-01,Wheel Loader,20.0,0.8,19.2
2026-08-07,Mine A,North Block,EX-01,Hydraulic Excavator,20.0,3.0,17.0
2026-08-07,Mine A,North Block,EX-02,Hydraulic Excavator,20.0,1.0,19.0
2026-08-07,Mine A,North Block,DT-101,Dump Truck (60T),20.0,1.0,19.0
2026-08-07,Mine A,North Block,DT-102,Dump Truck (60T),20.0,0.2,19.8
2026-08-07,Mine A,North Block,DT-103,Dump Truck (60T),20.0,5.7,14.3
2026-08-07,Mine A,North Block,DR-01,Rotary Blast Drill,20.0,0.4,19.6
2026-08-07,Mine A,North Block,WL-01,Wheel Loader,20.0,0.1,19.9
2026-08-07,Mine A,South Pit,EX-01,Hydraulic Excavator,20.0,1.5,18.5
2026-08-07,Mine A,South Pit,EX-02,Hydraulic Excavator,20.0,1.3,18.7
2026-08-07,Mine A,South Pit,DT-101,Dump Truck (60T),20.0,0.8,19.2
2026-08-07,Mine A,South Pit,DT-102,Dump Truck (60T),20.0,0.8,19.2
2026-08-07,Mine A,South Pit,DT-103,Dump Truck (60T),20.0,2.2,17.8
2026-08-07,Mine A,South Pit,DR-01,Rotary Blast Drill,20.0,0.3,19.7
2026-08-07,Mine A,South Pit,WL-01,Wheel Loader,20.0,2.4,17.6
2026-08-07,Mine B,East Ridge,EX-01,Hydraulic Excavator,20.0,1.5,18.5
2026-08-07,Mine B,East Ridge,EX-02,Hydraulic Excavator,20.0,0.8,19.2
2026-08-07,Mine B,East Ridge,DT-101,Dump Truck (60T),20.0,0.9,19.1
2026-08-07,Mine B,East Ridge,DT-102,Dump Truck (60T),20.0,0.4,19.6
2026-08-07,Mine B,East Ridge,DT-103,Dump Truck (60T),20.0,2.0,18.0
2026-08-07,Mine B,East Ridge,DR-01,Rotary Blast Drill,20.0,1.0,19.0
2026-08-07,Mine B,East Ridge,WL-01,Wheel Loader,20.0,0.5,19.5
2026-08-07,Mine B,Deep West,EX-01,Hydraulic Excavator,20.0,1.3,18.7
2026-08-07,Mine B,Deep West,EX-02,Hydraulic Excavator,20.0,7.6,12.4
2026-08-07,Mine B,Deep West,DT-101,Dump Truck (60T),20.0,0.8,19.2
2026-08-07,Mine B,Deep West,DT-102,Dump Truck (60T),20.0,3.5,16.5
2026-08-07,Mine B,Deep West,DT-103,Dump Truck (60T),20.0,0.6,19.4
2026-08-07,Mine B,Deep West,DR-01,Rotary Blast Drill,20.0,0.1,19.9
2026-08-07,Mine B,Deep West,WL-01,Wheel Loader,20.0,0.3,19.7
2026-08-08,Mine A,North Block,EX-01,Hydraulic Excavator,20.0,0.8,19.2
2026-08-08,Mine A,North Block,EX-02,Hydraulic Excavator,20.0,0.3,19.7
2026-08-08,Mine A,North Block,DT-101,Dump Truck (60T),20.0,0.0,20.0
2026-08-08,Mine A,North Block,DT-102,Dump Truck (60T),20.0,3.5,16.5
2026-08-08,Mine A,North Block,DT-103,Dump Truck (60T),20.0,2.6,17.4
2026-08-08,Mine A,North Block,DR-01,Rotary Blast Drill,20.0,1.9,18.1
2026-08-08,Mine A,North Block,WL-01,Wheel Loader,20.0,0.3,19.7
2026-08-08,Mine A,South Pit,EX-01,Hydraulic Excavator,20.0,0.2,19.8
2026-08-08,Mine A,South Pit,EX-02,Hydraulic Excavator,20.0,0.1,19.9
2026-08-08,Mine A,South Pit,DT-101,Dump Truck (60T),20.0,1.8,18.2
2026-08-08,Mine A,South Pit,DT-102,Dump Truck (60T),20.0,3.7,16.3
2026-08-08,Mine A,South Pit,DT-103,Dump Truck (60T),20.0,0.8,19.2
2026-08-08,Mine A,South Pit,DR-01,Rotary Blast Drill,20.0,0.2,19.8
2026-08-08,Mine A,South Pit,WL-01,Wheel Loader,20.0,1.0,19.0
2026-08-08,Mine B,East Ridge,EX-01,Hydraulic Excavator,20.0,0.6,19.4
2026-08-08,Mine B,East Ridge,EX-02,Hydraulic Excavator,20.0,0.7,19.3
2026-08-08,Mine B,East Ridge,DT-101,Dump Truck (60T),20.0,1.4,18.6
2026-08-08,Mine B,East Ridge,DT-102,Dump Truck (60T),20.0,1.8,18.2
2026-08-08,Mine B,East Ridge,DT-103,Dump Truck (60T),20.0,0.2,19.8
2026-08-08,Mine B,East Ridge,DR-01,Rotary Blast Drill,20.0,0.1,19.9
2026-08-08,Mine B,East Ridge,WL-01,Wheel Loader,20.0,7.2,12.8
2026-08-08,Mine B,Deep West,EX-01,Hydraulic Excavator,20.0,0.4,19.6
2026-08-08,Mine B,Deep West,EX-02,Hydraulic Excavator,20.0,0.1,19.9
2026-08-08,Mine B,Deep West,DT-101,Dump Truck (60T),20.0,0.3,19.7
2026-08-08,Mine B,Deep West,DT-102,Dump Truck (60T),20.0,0.1,19.9
2026-08-08,Mine B,Deep West,DT-103,Dump Truck (60T),20.0,0.7,19.3
2026-08-08,Mine B,Deep West,DR-01,Rotary Blast Drill,20.0,2.3,17.7
2026-08-08,Mine B,Deep West,WL-01,Wheel Loader,20.0,0.6,19.4
2026-08-09,Mine A,North Block,EX-01,Hydraulic Excavator,20.0,0.8,19.2
2026-08-09,Mine A,North Block,EX-02,Hydraulic Excavator,20.0,1.6,18.4
2026-08-09,Mine A,North Block,DT-101,Dump Truck (60T),20.0,1.0,19.0
2026-08-09,Mine A,North Block,DT-102,Dump Truck (60T),20.0,2.8,17.2
2026-08-09,Mine A,North Block,DT-103,Dump Truck (60T),20.0,2.8,17.2
2026-08-09,Mine A,North Block,DR-01,Rotary Blast Drill,20.0,0.0,20.0
2026-08-09,Mine A,North Block,WL-01,Wheel Loader,20.0,2.1,17.9
2026-08-09,Mine A,South Pit,EX-01,Hydraulic Excavator,20.0,0.9,19.1
2026-08-09,Mine A,South Pit,EX-02,Hydraulic Excavator,20.0,6.3,13.7
2026-08-09,Mine A,South Pit,DT-101,Dump Truck (60T),20.0,0.9,19.1
2026-08-09,Mine A,South Pit,DT-102,Dump Truck (60T),20.0,6.1,13.9
2026-08-09,Mine A,South Pit,DT-103,Dump Truck (60T),20.0,2.0,18.0
2026-08-09,Mine A,South Pit,DR-01,Rotary Blast Drill,20.0,0.4,19.6
2026-08-09,Mine A,South Pit,WL-01,Wheel Loader,20.0,1.1,18.9
2026-08-09,Mine B,East Ridge,EX-01,Hydraulic Excavator,20.0,6.8,13.2
2026-08-09,Mine B,East Ridge,EX-02,Hydraulic Excavator,20.0,2.7,17.3
2026-08-09,Mine B,East Ridge,DT-101,Dump Truck (60T),20.0,0.1,19.9
2026-08-09,Mine B,East Ridge,DT-102,Dump Truck (60T),20.0,1.7,18.3
2026-08-09,Mine B,East Ridge,DT-103,Dump Truck (60T),20.0,0.6,19.4
2026-08-09,Mine B,East Ridge,DR-01,Rotary Blast Drill,20.0,0.0,20.0
2026-08-09,Mine B,East Ridge,WL-01,Wheel Loader,20.0,0.7,19.3
2026-08-09,Mine B,Deep West,EX-01,Hydraulic Excavator,20.0,0.4,19.6
2026-08-09,Mine B,Deep West,EX-02,Hydraulic Excavator,20.0,2.4,17.6
2026-08-09,Mine B,Deep West,DT-101,Dump Truck (60T),20.0,0.6,19.4
2026-08-09,Mine B,Deep West,DT-102,Dump Truck (60T),20.0,2.5,17.5
2026-08-09,Mine B,Deep West,DT-103,Dump Truck (60T),20.0,0.0,20.0
2026-08-09,Mine B,Deep West,DR-01,Rotary Blast Drill,20.0,0.5,19.5
2026-08-09,Mine B,Deep West,WL-01,Wheel Loader,20.0,0.4,19.6
2026-08-10,Mine A,North Block,EX-01,Hydraulic Excavator,20.0,0.4,19.6
2026-08-10,Mine A,North Block,EX-02,Hydraulic Excavator,20.0,0.1,19.9
2026-08-10,Mine A,North Block,DT-101,Dump Truck (60T),20.0,0.3,19.7
2026-08-10,Mine A,North Block,DT-102,Dump Truck (60T),20.0,1.1,18.9
2026-08-10,Mine A,North Block,DT-103,Dump Truck (60T),20.0,0.5,19.5
2026-08-10,Mine A,North Block,DR-01,Rotary Blast Drill,20.0,0.8,19.2
2026-08-10,Mine A,North Block,WL-01,Wheel Loader,20.0,0.7,19.3
2026-08-10,Mine A,South Pit,EX-01,Hydraulic Excavator,20.0,2.9,17.1
2026-08-10,Mine A,South Pit,EX-02,Hydraulic Excavator,20.0,3.3,16.7
2026-08-10,Mine A,South Pit,DT-101,Dump Truck (60T),20.0,1.0,19.0
2026-08-10,Mine A,South Pit,DT-102,Dump Truck (60T),20.0,0.6,19.4
2026-08-10,Mine A,South Pit,DT-103,Dump Truck (60T),20.0,0.2,19.8
2026-08-10,Mine A,South Pit,DR-01,Rotary Blast Drill,20.0,4.3,15.7
2026-08-10,Mine A,South Pit,WL-01,Wheel Loader,20.0,0.1,19.9
2026-08-10,Mine B,East Ridge,EX-01,Hydraulic Excavator,20.0,0.5,19.5
2026-08-10,Mine B,East Ridge,EX-02,Hydraulic Excavator,20.0,0.5,19.5
2026-08-10,Mine B,East Ridge,DT-101,Dump Truck (60T),20.0,0.5,19.5
2026-08-10,Mine B,East Ridge,DT-102,Dump Truck (60T),20.0,0.3,19.7
2026-08-10,Mine B,East Ridge,DT-103,Dump Truck (60T),20.0,2.1,17.9
2026-08-10,Mine B,East Ridge,DR-01,Rotary Blast Drill,20.0,0.2,19.8
2026-08-10,Mine B,East Ridge,WL-01,Wheel Loader,20.0,1.4,18.6
2026-08-10,Mine B,Deep West,EX-01,Hydraulic Excavator,20.0,0.2,19.8
2026-08-10,Mine B,Deep West,EX-02,Hydraulic Excavator,20.0,0.1,19.9
2026-08-10,Mine B,Deep West,DT-101,Dump Truck (60T),20.0,3.4,16.6
2026-08-10,Mine B,Deep West,DT-102,Dump Truck (60T),20.0,0.3,19.7
2026-08-10,Mine B,Deep West,DT-103,Dump Truck (60T),20.0,2.4,17.6
2026-08-10,Mine B,Deep West,DR-01,Rotary Blast Drill,20.0,1.1,18.9
2026-08-10,Mine B,Deep West,WL-01,Wheel Loader,20.0,0.1,19.9
2026-08-11,Mine A,North Block,EX-01,Hydraulic Excavator,20.0,4.4,15.6
2026-08-11,Mine A,North Block,EX-02,Hydraulic Excavator,20.0,0.4,19.6
2026-08-11,Mine A,North Block,DT-101,Dump Truck (60T),20.0,2.7,17.3
2026-08-11,Mine A,North Block,DT-102,Dump Truck (60T),20.0,0.3,19.7
2026-08-11,Mine A,North Block,DT-103,Dump Truck (60T),20.0,2.7,17.3
2026-08-11,Mine A,North Block,DR-01,Rotary Blast Drill,20.0,0.0,20.0
2026-08-11,Mine A,North Block,WL-01,Wheel Loader,20.0,1.0,19.0
2026-08-11,Mine A,South Pit,EX-01,Hydraulic Excavator,20.0,2.1,17.9
2026-08-11,Mine A,South Pit,EX-02,Hydraulic Excavator,20.0,3.8,16.2
2026-08-11,Mine A,South Pit,DT-101,Dump Truck (60T),20.0,3.4,16.6
2026-08-11,Mine A,South Pit,DT-102,Dump Truck (60T),20.0,2.4,17.6
2026-08-11,Mine A,South Pit,DT-103,Dump Truck (60T),20.0,3.1,16.9
2026-08-11,Mine A,South Pit,DR-01,Rotary Blast Drill,20.0,0.3,19.7
2026-08-11,Mine A,South Pit,WL-01,Wheel Loader,20.0,0.5,19.5
2026-08-11,Mine B,East Ridge,EX-01,Hydraulic Excavator,20.0,0.5,19.5
2026-08-11,Mine B,East Ridge,EX-02,Hydraulic Excavator,20.0,0.7,19.3
2026-08-11,Mine B,East Ridge,DT-101,Dump Truck (60T),20.0,0.7,19.3
2026-08-11,Mine B,East Ridge,DT-102,Dump Truck (60T),20.0,1.1,18.9
2026-08-11,Mine B,East Ridge,DT-103,Dump Truck (60T),20.0,0.2,19.8
2026-08-11,Mine B,East Ridge,DR-01,Rotary Blast Drill,20.0,1.6,18.4
2026-08-11,Mine B,East Ridge,WL-01,Wheel Loader,20.0,0.3,19.7
2026-08-11,Mine B,Deep West,EX-01,Hydraulic Excavator,20.0,0.5,19.5
2026-08-11,Mine B,Deep West,EX-02,Hydraulic Excavator,20.0,1.0,19.0
2026-08-11,Mine B,Deep West,DT-101,Dump Truck (60T),20.0,2.2,17.8
2026-08-11,Mine B,Deep West,DT-102,Dump Truck (60T),20.0,1.9,18.1
2026-08-11,Mine B,Deep West,DT-103,Dump Truck (60T),20.0,1.5,18.5
2026-08-11,Mine B,Deep West,DR-01,Rotary Blast Drill,20.0,0.2,19.8
2026-08-11,Mine B,Deep West,WL-01,Wheel Loader,20.0,1.1,18.9
2026-08-12,Mine A,North Block,EX-01,Hydraulic Excavator,20.0,0.1,19.9
2026-08-12,Mine A,North Block,EX-02,Hydraulic Excavator,20.0,0.7,19.3
2026-08-12,Mine A,North Block,DT-101,Dump Truck (60T),20.0,0.7,19.3
2026-08-12,Mine A,North Block,DT-102,Dump Truck (60T),20.0,0.1,19.9
2026-08-12,Mine A,North Block,DT-103,Dump Truck (60T),20.0,0.4,19.6
2026-08-12,Mine A,North Block,DR-01,Rotary Blast Drill,20.0,4.4,15.6
2026-08-12,Mine A,North Block,WL-01,Wheel Loader,20.0,4.3,15.7
2026-08-12,Mine A,South Pit,EX-01,Hydraulic Excavator,20.0,0.6,19.4
2026-08-12,Mine A,South Pit,EX-02,Hydraulic Excavator,20.0,0.1,19.9
2026-08-12,Mine A,South Pit,DT-101,Dump Truck (60T),20.0,0.3,19.7
2026-08-12,Mine A,South Pit,DT-102,Dump Truck (60T),20.0,0.7,19.3
2026-08-12,Mine A,South Pit,DT-103,Dump Truck (60T),20.0,4.1,15.9
2026-08-12,Mine A,South Pit,DR-01,Rotary Blast Drill,20.0,0.2,19.8
2026-08-12,Mine A,South Pit,WL-01,Wheel Loader,20.0,2.0,18.0
2026-08-12,Mine B,East Ridge,EX-01,Hydraulic Excavator,20.0,0.2,19.8
2026-08-12,Mine B,East Ridge,EX-02,Hydraulic Excavator,20.0,5.6,14.4
2026-08-12,Mine B,East Ridge,DT-101,Dump Truck (60T),20.0,0.7,19.3
2026-08-12,Mine B,East Ridge,DT-102,Dump Truck (60T),20.0,2.1,17.9
2026-08-12,Mine B,East Ridge,DT-103,Dump Truck (60T),20.0,0.6,19.4
2026-08-12,Mine B,East Ridge,DR-01,Rotary Blast Drill,20.0,1.4,18.6
2026-08-12,Mine B,East Ridge,WL-01,Wheel Loader,20.0,0.3,19.7
2026-08-12,Mine B,Deep West,EX-01,Hydraulic Excavator,20.0,0.2,19.8
2026-08-12,Mine B,Deep West,EX-02,Hydraulic Excavator,20.0,3.9,16.1
2026-08-12,Mine B,Deep West,DT-101,Dump Truck (60T),20.0,3.5,16.5
2026-08-12,Mine B,Deep West,DT-102,Dump Truck (60T),20.0,3.1,16.9
2026-08-12,Mine B,Deep West,DT-103,Dump Truck (60T),20.0,1.4,18.6
2026-08-12,Mine B,Deep West,DR-01,Rotary Blast Drill,20.0,2.3,17.7
2026-08-12,Mine B,Deep West,WL-01,Wheel Loader,20.0,0.1,19.9
2026-08-13,Mine A,North Block,EX-01,Hydraulic Excavator,20.0,0.6,19.4
2026-08-13,Mine A,North Block,EX-02,Hydraulic Excavator,20.0,0.5,19.5
2026-08-13,Mine A,North Block,DT-101,Dump Truck (60T),20.0,1.4,18.6
2026-08-13,Mine A,North Block,DT-102,Dump Truck (60T),20.0,0.6,19.4
2026-08-13,Mine A,North Block,DT-103,Dump Truck (60T),20.0,0.2,19.8
2026-08-13,Mine A,North Block,DR-01,Rotary Blast Drill,20.0,1.3,18.7
2026-08-13,Mine A,North Block,WL-01,Wheel Loader,20.0,2.4,17.6
2026-08-13,Mine A,South Pit,EX-01,Hydraulic Excavator,20.0,0.7,19.3
2026-08-13,Mine A,South Pit,EX-02,Hydraulic Excavator,20.0,0.2,19.8
2026-08-13,Mine A,South Pit,DT-101,Dump Truck (60T),20.0,0.3,19.7
2026-08-13,Mine A,South Pit,DT-102,Dump Truck (60T),20.0,0.4,19.6
2026-08-13,Mine A,South Pit,DT-103,Dump Truck (60T),20.0,0.5,19.5
2026-08-13,Mine A,South Pit,DR-01,Rotary Blast Drill,20.0,1.4,18.6
2026-08-13,Mine A,South Pit,WL-01,Wheel Loader,20.0,1.3,18.7
2026-08-13,Mine B,East Ridge,EX-01,Hydraulic Excavator,20.0,1.7,18.3
2026-08-13,Mine B,East Ridge,EX-02,Hydraulic Excavator,20.0,0.6,19.4
2026-08-13,Mine B,East Ridge,DT-101,Dump Truck (60T),20.0,2.4,17.6
2026-08-13,Mine B,East Ridge,DT-102,Dump Truck (60T),20.0,0.3,19.7
2026-08-13,Mine B,East Ridge,DT-103,Dump Truck (60T),20.0,0.9,19.1
2026-08-13,Mine B,East Ridge,DR-01,Rotary Blast Drill,20.0,2.3,17.7
2026-08-13,Mine B,East Ridge,WL-01,Wheel Loader,20.0,0.3,19.7
2026-08-13,Mine B,Deep West,EX-01,Hydraulic Excavator,20.0,0.2,19.8
2026-08-13,Mine B,Deep West,EX-02,Hydraulic Excavator,20.0,3.0,17.0
2026-08-13,Mine B,Deep West,DT-101,Dump Truck (60T),20.0,0.6,19.4
2026-08-13,Mine B,Deep West,DT-102,Dump Truck (60T),20.0,1.6,18.4
2026-08-13,Mine B,Deep West,DT-103,Dump Truck (60T),20.0,0.0,20.0
2026-08-13,Mine B,Deep West,DR-01,Rotary Blast Drill,20.0,1.6,18.4
2026-08-13,Mine B,Deep West,WL-01,Wheel Loader,20.0,0.5,19.5
2026-08-14,Mine A,North Block,EX-01,Hydraulic Excavator,20.0,0.1,19.9
2026-08-14,Mine A,North Block,EX-02,Hydraulic Excavator,20.0,1.3,18.7
2026-08-14,Mine A,North Block,DT-101,Dump Truck (60T),20.0,0.4,19.6
2026-08-14,Mine A,North Block,DT-102,Dump Truck (60T),20.0,0.7,19.3
2026-08-14,Mine A,North Block,DT-103,Dump Truck (60T),20.0,0.1,19.9
2026-08-14,Mine A,North Block,DR-01,Rotary Blast Drill,20.0,0.2,19.8
2026-08-14,Mine A,North Block,WL-01,Wheel Loader,20.0,0.5,19.5
2026-08-14,Mine A,South Pit,EX-01,Hydraulic Excavator,20.0,0.1,19.9
2026-08-14,Mine A,South Pit,EX-02,Hydraulic Excavator,20.0,3.4,16.6
2026-08-14,Mine A,South Pit,DT-101,Dump Truck (60T),20.0,0.0,20.0
2026-08-14,Mine A,South Pit,DT-102,Dump Truck (60T),20.0,0.9,19.1
2026-08-14,Mine A,South Pit,DT-103,Dump Truck (60T),20.0,0.2,19.8
2026-08-14,Mine A,South Pit,DR-01,Rotary Blast Drill,20.0,0.5,19.5
2026-08-14,Mine A,South Pit,WL-01,Wheel Loader,20.0,3.6,16.4
2026-08-14,Mine B,East Ridge,EX-01,Hydraulic Excavator,20.0,0.2,19.8
2026-08-14,Mine B,East Ridge,EX-02,Hydraulic Excavator,20.0,4.7,15.3
2026-08-14,Mine B,East Ridge,DT-101,Dump Truck (60T),20.0,0.3,19.7
2026-08-14,Mine B,East Ridge,DT-102,Dump Truck (60T),20.0,1.9,18.1
2026-08-14,Mine B,East Ridge,DT-103,Dump Truck (60T),20.0,1.1,18.9
2026-08-14,Mine B,East Ridge,DR-01,Rotary Blast Drill,20.0,3.0,17.0
2026-08-14,Mine B,East Ridge,WL-01,Wheel Loader,20.0,1.1,18.9
2026-08-14,Mine B,Deep West,EX-01,Hydraulic Excavator,20.0,1.1,18.9
2026-08-14,Mine B,Deep West,EX-02,Hydraulic Excavator,20.0,0.3,19.7
2026-08-14,Mine B,Deep West,DT-101,Dump Truck (60T),20.0,0.3,19.7
2026-08-14,Mine B,Deep West,DT-102,Dump Truck (60T),20.0,3.5,16.5
2026-08-14,Mine B,Deep West,DT-103,Dump Truck (60T),20.0,0.6,19.4
2026-08-14,Mine B,Deep West,DR-01,Rotary Blast Drill,20.0,0.7,19.3
2026-08-14,Mine B,Deep West,WL-01,Wheel Loader,20.0,2.0,18.0
2026-08-15,Mine A,North Block,EX-01,Hydraulic Excavator,20.0,0.6,19.4
2026-08-15,Mine A,North Block,EX-02,Hydraulic Excavator,20.0,4.3,15.7
2026-08-15,Mine A,North Block,DT-101,Dump Truck (60T),20.0,1.9,18.1
2026-08-15,Mine A,North Block,DT-102,Dump Truck (60T),20.0,1.3,18.7
2026-08-15,Mine A,North Block,DT-103,Dump Truck (60T),20.0,3.0,17.0
2026-08-15,Mine A,North Block,DR-01,Rotary Blast Drill,20.0,0.1,19.9
2026-08-15,Mine A,North Block,WL-01,Wheel Loader,20.0,0.4,19.6
2026-08-15,Mine A,South Pit,EX-01,Hydraulic Excavator,20.0,0.9,19.1
2026-08-15,Mine A,South Pit,EX-02,Hydraulic Excavator,20.0,0.4,19.6
2026-08-15,Mine A,South Pit,DT-101,Dump Truck (60T),20.0,1.9,18.1
2026-08-15,Mine A,South Pit,DT-102,Dump Truck (60T),20.0,3.5,16.5
2026-08-15,Mine A,South Pit,DT-103,Dump Truck (60T),20.0,0.8,19.2
2026-08-15,Mine A,South Pit,DR-01,Rotary Blast Drill,20.0,0.6,19.4
2026-08-15,Mine A,South Pit,WL-01,Wheel Loader,20.0,4.6,15.4
2026-08-15,Mine B,East Ridge,EX-01,Hydraulic Excavator,20.0,0.8,19.2
2026-08-15,Mine B,East Ridge,EX-02,Hydraulic Excavator,20.0,0.9,19.1
2026-08-15,Mine B,East Ridge,DT-101,Dump Truck (60T),20.0,0.6,19.4
2026-08-15,Mine B,East Ridge,DT-102,Dump Truck (60T),20.0,3.4,16.6
2026-08-15,Mine B,East Ridge,DT-103,Dump Truck (60T),20.0,1.2,18.8
2026-08-15,Mine B,East Ridge,DR-01,Rotary Blast Drill,20.0,2.0,18.0
2026-08-15,Mine B,East Ridge,WL-01,Wheel Loader,20.0,2.3,17.7
2026-08-15,Mine B,Deep West,EX-01,Hydraulic Excavator,20.0,0.6,19.4
2026-08-15,Mine B,Deep West,EX-02,Hydraulic Excavator,20.0,0.8,19.2
2026-08-15,Mine B,Deep West,DT-101,Dump Truck (60T),20.0,2.6,17.4
2026-08-15,Mine B,Deep West,DT-102,Dump Truck (60T),20.0,0.6,19.4
2026-08-15,Mine B,Deep West,DT-103,Dump Truck (60T),20.0,2.2,17.8
2026-08-15,Mine B,Deep West,DR-01,Rotary Blast Drill,20.0,4.0,16.0
2026-08-15,Mine B,Deep West,WL-01,Wheel Loader,20.0,1.4,18.6
2026-08-16,Mine A,North Block,EX-01,Hydraulic Excavator,20.0,1.9,18.1
2026-08-16,Mine A,North Block,EX-02,Hydraulic Excavator,20.0,2.3,17.7
2026-08-16,Mine A,North Block,DT-101,Dump Truck (60T),20.0,2.6,17.4
2026-08-16,Mine A,North Block,DT-102,Dump Truck (60T),20.0,0.7,19.3
2026-08-16,Mine A,North Block,DT-103,Dump Truck (60T),20.0,0.1,19.9
2026-08-16,Mine A,North Block,DR-01,Rotary Blast Drill,20.0,0.7,19.3
2026-08-16,Mine A,North Block,WL-01,Wheel Loader,20.0,1.6,18.4
2026-08-16,Mine A,South Pit,EX-01,Hydraulic Excavator,20.0,0.8,19.2
2026-08-16,Mine A,South Pit,EX-02,Hydraulic Excavator,20.0,1.9,18.1
2026-08-16,Mine A,South Pit,DT-101,Dump Truck (60T),20.0,0.6,19.4
2026-08-16,Mine A,South Pit,DT-102,Dump Truck (60T),20.0,1.4,18.6
2026-08-16,Mine A,South Pit,DT-103,Dump Truck (60T),20.0,0.3,19.7
2026-08-16,Mine A,South Pit,DR-01,Rotary Blast Drill,20.0,1.9,18.1
2026-08-16,Mine A,South Pit,WL-01,Wheel Loader,20.0,1.1,18.9
2026-08-16,Mine B,East Ridge,EX-01,Hydraulic Excavator,20.0,0.3,19.7
2026-08-16,Mine B,East Ridge,EX-02,Hydraulic Excavator,20.0,0.5,19.5
2026-08-16,Mine B,East Ridge,DT-101,Dump Truck (60T),20.0,1.9,18.1
2026-08-16,Mine B,East Ridge,DT-102,Dump Truck (60T),20.0,0.9,19.1
2026-08-16,Mine B,East Ridge,DT-103,Dump Truck (60T),20.0,0.3,19.7
2026-08-16,Mine B,East Ridge,DR-01,Rotary Blast Drill,20.0,4.8,15.2
2026-08-16,Mine B,East Ridge,WL-01,Wheel Loader,20.0,1.8,18.2
2026-08-16,Mine B,Deep West,EX-01,Hydraulic Excavator,20.0,4.4,15.6
2026-08-16,Mine B,Deep West,EX-02,Hydraulic Excavator,20.0,0.8,19.2
2026-08-16,Mine B,Deep West,DT-101,Dump Truck (60T),20.0,0.9,19.1
2026-08-16,Mine B,Deep West,DT-102,Dump Truck (60T),20.0,3.2,16.8
2026-08-16,Mine B,Deep West,DT-103,Dump Truck (60T),20.0,1.0,19.0
2026-08-16,Mine B,Deep West,DR-01,Rotary Blast Drill,20.0,1.7,18.3
2026-08-16,Mine B,Deep West,WL-01,Wheel Loader,20.0,0.4,19.6
2026-08-17,Mine A,North Block,EX-01,Hydraulic Excavator,20.0,0.8,19.2
2026-08-17,Mine A,North Block,EX-02,Hydraulic Excavator,20.0,0.2,19.8
2026-08-17,Mine A,North Block,DT-101,Dump Truck (60T),20.0,0.3,19.7
2026-08-17,Mine A,North Block,DT-102,Dump Truck (60T),20.0,0.0,20.0
2026-08-17,Mine A,North Block,DT-103,Dump Truck (60T),20.0,0.1,19.9
2026-08-17,Mine A,North Block,DR-01,Rotary Blast Drill,20.0,5.3,14.7
2026-08-17,Mine A,North Block,WL-01,Wheel Loader,20.0,0.4,19.6
2026-08-17,Mine A,South Pit,EX-01,Hydraulic Excavator,20.0,1.5,18.5
2026-08-17,Mine A,South Pit,EX-02,Hydraulic Excavator,20.0,2.6,17.4
2026-08-17,Mine A,South Pit,DT-101,Dump Truck (60T),20.0,1.1,18.9
2026-08-17,Mine A,South Pit,DT-102,Dump Truck (60T),20.0,0.2,19.8
2026-08-17,Mine A,South Pit,DT-103,Dump Truck (60T),20.0,1.8,18.2
2026-08-17,Mine A,South Pit,DR-01,Rotary Blast Drill,20.0,1.3,18.7
2026-08-17,Mine A,South Pit,WL-01,Wheel Loader,20.0,1.8,18.2
2026-08-17,Mine B,East Ridge,EX-01,Hydraulic Excavator,20.0,2.1,17.9
2026-08-17,Mine B,East Ridge,EX-02,Hydraulic Excavator,20.0,5.2,14.8
2026-08-17,Mine B,East Ridge,DT-101,Dump Truck (60T),20.0,1.2,18.8
2026-08-17,Mine B,East Ridge,DT-102,Dump Truck (60T),20.0,0.6,19.4
2026-08-17,Mine B,East Ridge,DT-103,Dump Truck (60T),20.0,1.5,18.5
2026-08-17,Mine B,East Ridge,DR-01,Rotary Blast Drill,20.0,0.1,19.9
2026-08-17,Mine B,East Ridge,WL-01,Wheel Loader,20.0,3.2,16.8
2026-08-17,Mine B,Deep West,EX-01,Hydraulic Excavator,20.0,0.2,19.8
2026-08-17,Mine B,Deep West,EX-02,Hydraulic Excavator,20.0,0.6,19.4
2026-08-17,Mine B,Deep West,DT-101,Dump Truck (60T),20.0,2.4,17.6
2026-08-17,Mine B,Deep West,DT-102,Dump Truck (60T),20.0,1.3,18.7
2026-08-17,Mine B,Deep West,DT-103,Dump Truck (60T),20.0,0.7,19.3
2026-08-17,Mine B,Deep West,DR-01,Rotary Blast Drill,20.0,0.9,19.1
2026-08-17,Mine B,Deep West,WL-01,Wheel Loader,20.0,2.7,17.3
2026-08-18,Mine A,North Block,EX-01,Hydraulic Excavator,20.0,0.6,19.4
2026-08-18,Mine A,North Block,EX-02,Hydraulic Excavator,20.0,2.9,17.1
2026-08-18,Mine A,North Block,DT-101,Dump Truck (60T),20.0,0.1,19.9
2026-08-18,Mine A,North Block,DT-102,Dump Truck (60T),20.0,2.1,17.9
2026-08-18,Mine A,North Block,DT-103,Dump Truck (60T),20.0,2.6,17.4
2026-08-18,Mine A,North Block,DR-01,Rotary Blast Drill,20.0,0.3,19.7
2026-08-18,Mine A,North Block,WL-01,Wheel Loader,20.0,0.8,19.2
2026-08-18,Mine A,South Pit,EX-01,Hydraulic Excavator,20.0,0.3,19.7
2026-08-18,Mine A,South Pit,EX-02,Hydraulic Excavator,20.0,1.7,18.3
2026-08-18,Mine A,South Pit,DT-101,Dump Truck (60T),20.0,1.1,18.9
2026-08-18,Mine A,South Pit,DT-102,Dump Truck (60T),20.0,1.4,18.6
2026-08-18,Mine A,South Pit,DT-103,Dump Truck (60T),20.0,0.3,19.7
2026-08-18,Mine A,South Pit,DR-01,Rotary Blast Drill,20.0,0.3,19.7
2026-08-18,Mine A,South Pit,WL-01,Wheel Loader,20.0,0.1,19.9
2026-08-18,Mine B,East Ridge,EX-01,Hydraulic Excavator,20.0,0.5,19.5
2026-08-18,Mine B,East Ridge,EX-02,Hydraulic Excavator,20.0,1.1,18.9
2026-08-18,Mine B,East Ridge,DT-101,Dump Truck (60T),20.0,2.7,17.3
2026-08-18,Mine B,East Ridge,DT-102,Dump Truck (60T),20.0,1.5,18.5
2026-08-18,Mine B,East Ridge,DT-103,Dump Truck (60T),20.0,0.8,19.2
2026-08-18,Mine B,East Ridge,DR-01,Rotary Blast Drill,20.0,4.3,15.7
2026-08-18,Mine B,East Ridge,WL-01,Wheel Loader,20.0,1.8,18.2
2026-08-18,Mine B,Deep West,EX-01,Hydraulic Excavator,20.0,3.7,16.3
2026-08-18,Mine B,Deep West,EX-02,Hydraulic Excavator,20.0,1.0,19.0
2026-08-18,Mine B,Deep West,DT-101,Dump Truck (60T),20.0,0.4,19.6
2026-08-18,Mine B,Deep West,DT-102,Dump Truck (60T),20.0,0.1,19.9
2026-08-18,Mine B,Deep West,DT-103,Dump Truck (60T),20.0,1.8,18.2
2026-08-18,Mine B,Deep West,DR-01,Rotary Blast Drill,20.0,0.2,19.8
2026-08-18,Mine B,Deep West,WL-01,Wheel Loader,20.0,0.5,19.5
2026-08-19,Mine A,North Block,EX-01,Hydraulic Excavator,20.0,1.1,18.9
2026-08-19,Mine A,North Block,EX-02,Hydraulic Excavator,20.0,1.2,18.8
2026-08-19,Mine A,North Block,DT-101,Dump Truck (60T),20.0,1.3,18.7
2026-08-19,Mine A,North Block,DT-102,Dump Truck (60T),20.0,0.3,19.7
2026-08-19,Mine A,North Block,DT-103,Dump Truck (60T),20.0,0.7,19.3
2026-08-19,Mine A,North Block,DR-01,Rotary Blast Drill,20.0,1.3,18.7
2026-08-19,Mine A,North Block,WL-01,Wheel Loader,20.0,4.9,15.1
2026-08-19,Mine A,South Pit,EX-01,Hydraulic Excavator,20.0,1.8,18.2
2026-08-19,Mine A,South Pit,EX-02,Hydraulic Excavator,20.0,3.6,16.4
2026-08-19,Mine A,South Pit,DT-101,Dump Truck (60T),20.0,2.0,18.0
2026-08-19,Mine A,South Pit,DT-102,Dump Truck (60T),20.0,1.3,18.7
2026-08-19,Mine A,South Pit,DT-103,Dump Truck (60T),20.0,0.3,19.7
2026-08-19,Mine A,South Pit,DR-01,Rotary Blast Drill,20.0,1.5,18.5
2026-08-19,Mine A,South Pit,WL-01,Wheel Loader,20.0,1.4,18.6
2026-08-19,Mine B,East Ridge,EX-01,Hydraulic Excavator,20.0,1.3,18.7
2026-08-19,Mine B,East Ridge,EX-02,Hydraulic Excavator,20.0,0.9,19.1
2026-08-19,Mine B,East Ridge,DT-101,Dump Truck (60T),20.0,1.1,18.9
2026-08-19,Mine B,East Ridge,DT-102,Dump Truck (60T),20.0,0.6,19.4
2026-08-19,Mine B,East Ridge,DT-103,Dump Truck (60T),20.0,1.0,19.0
2026-08-19,Mine B,East Ridge,DR-01,Rotary Blast Drill,20.0,0.3,19.7
2026-08-19,Mine B,East Ridge,WL-01,Wheel Loader,20.0,2.3,17.7
2026-08-19,Mine B,Deep West,EX-01,Hydraulic Excavator,20.0,0.3,19.7
2026-08-19,Mine B,Deep West,EX-02,Hydraulic Excavator,20.0,0.1,19.9
2026-08-19,Mine B,Deep West,DT-101,Dump Truck (60T),20.0,0.8,19.2
2026-08-19,Mine B,Deep West,DT-102,Dump Truck (60T),20.0,1.5,18.5
2026-08-19,Mine B,Deep West,DT-103,Dump Truck (60T),20.0,0.8,19.2
2026-08-19,Mine B,Deep West,DR-01,Rotary Blast Drill,20.0,0.5,19.5
2026-08-19,Mine B,Deep West,WL-01,Wheel Loader,20.0,1.1,18.9
2026-08-20,Mine A,North Block,EX-01,Hydraulic Excavator,20.0,0.6,19.4
2026-08-20,Mine A,North Block,EX-02,Hydraulic Excavator,20.0,3.8,16.2
2026-08-20,Mine A,North Block,DT-101,Dump Truck (60T),20.0,3.6,16.4
2026-08-20,Mine A,North Block,DT-102,Dump Truck (60T),20.0,1.0,19.0
2026-08-20,Mine A,North Block,DT-103,Dump Truck (60T),20.0,0.6,19.4
2026-08-20,Mine A,North Block,DR-01,Rotary Blast Drill,20.0,1.9,18.1
2026-08-20,Mine A,North Block,WL-01,Wheel Loader,20.0,0.1,19.9
2026-08-20,Mine A,South Pit,EX-01,Hydraulic Excavator,20.0,0.9,19.1
2026-08-20,Mine A,South Pit,EX-02,Hydraulic Excavator,20.0,0.6,19.4
2026-08-20,Mine A,South Pit,DT-101,Dump Truck (60T),20.0,3.5,16.5
2026-08-20,Mine A,South Pit,DT-102,Dump Truck (60T),20.0,0.0,20.0
2026-08-20,Mine A,South Pit,DT-103,Dump Truck (60T),20.0,1.1,18.9
2026-08-20,Mine A,South Pit,DR-01,Rotary Blast Drill,20.0,1.9,18.1
2026-08-20,Mine A,South Pit,WL-01,Wheel Loader,20.0,0.9,19.1
2026-08-20,Mine B,East Ridge,EX-01,Hydraulic Excavator,20.0,0.1,19.9
2026-08-20,Mine B,East Ridge,EX-02,Hydraulic Excavator,20.0,5.0,15.0
2026-08-20,Mine B,East Ridge,DT-101,Dump Truck (60T),20.0,1.0,19.0
2026-08-20,Mine B,East Ridge,DT-102,Dump Truck (60T),20.0,1.3,18.7
2026-08-20,Mine B,East Ridge,DT-103,Dump Truck (60T),20.0,0.4,19.6
2026-08-20,Mine B,East Ridge,DR-01,Rotary Blast Drill,20.0,0.9,19.1
2026-08-20,Mine B,East Ridge,WL-01,Wheel Loader,20.0,0.8,19.2
2026-08-20,Mine B,Deep West,EX-01,Hydraulic Excavator,20.0,0.1,19.9
2026-08-20,Mine B,Deep West,EX-02,Hydraulic Excavator,20.0,0.2,19.8
2026-08-20,Mine B,Deep West,DT-101,Dump Truck (60T),20.0,2.5,17.5
2026-08-20,Mine B,Deep West,DT-102,Dump Truck (60T),20.0,0.4,19.6
2026-08-20,Mine B,Deep West,DT-103,Dump Truck (60T),20.0,0.3,19.7
2026-08-20,Mine B,Deep West,DR-01,Rotary Blast Drill,20.0,1.0,19.0
2026-08-20,Mine B,Deep West,WL-01,Wheel Loader,20.0,2.0,18.0
2026-08-21,Mine A,North Block,EX-01,Hydraulic Excavator,20.0,0.1,19.9
2026-08-21,Mine A,North Block,EX-02,Hydraulic Excavator,20.0,1.2,18.8
2026-08-21,Mine A,North Block,DT-101,Dump Truck (60T),20.0,0.2,19.8
2026-08-21,Mine A,North Block,DT-102,Dump Truck (60T),20.0,0.1,19.9
2026-08-21,Mine A,North Block,DT-103,Dump Truck (60T),20.0,0.1,19.9
2026-08-21,Mine A,North Block,DR-01,Rotary Blast Drill,20.0,2.5,17.5
2026-08-21,Mine A,North Block,WL-01,Wheel Loader,20.0,0.2,19.8
2026-08-21,Mine A,South Pit,EX-01,Hydraulic Excavator,20.0,0.1,19.9
2026-08-21,Mine A,South Pit,EX-02,Hydraulic Excavator,20.0,0.8,19.2
2026-08-21,Mine A,South Pit,DT-101,Dump Truck (60T),20.0,2.6,17.4
2026-08-21,Mine A,South Pit,DT-102,Dump Truck (60T),20.0,0.4,19.6
2026-08-21,Mine A,South Pit,DT-103,Dump Truck (60T),20.0,0.8,19.2
2026-08-21,Mine A,South Pit,DR-01,Rotary Blast Drill,20.0,0.1,19.9
2026-08-21,Mine A,South Pit,WL-01,Wheel Loader,20.0,0.8,19.2
2026-08-21,Mine B,East Ridge,EX-01,Hydraulic Excavator,20.0,1.2,18.8
2026-08-21,Mine B,East Ridge,EX-02,Hydraulic Excavator,20.0,1.2,18.8
2026-08-21,Mine B,East Ridge,DT-101,Dump Truck (60T),20.0,0.6,19.4
2026-08-21,Mine B,East Ridge,DT-102,Dump Truck (60T),20.0,0.5,19.5
2026-08-21,Mine B,East Ridge,DT-103,Dump Truck (60T),20.0,0.2,19.8
2026-08-21,Mine B,East Ridge,DR-01,Rotary Blast Drill,20.0,0.6,19.4
2026-08-21,Mine B,East Ridge,WL-01,Wheel Loader,20.0,0.1,19.9
2026-08-21,Mine B,Deep West,EX-01,Hydraulic Excavator,20.0,2.0,18.0
2026-08-21,Mine B,Deep West,EX-02,Hydraulic Excavator,20.0,4.7,15.3
2026-08-21,Mine B,Deep West,DT-101,Dump Truck (60T),20.0,4.9,15.1
2026-08-21,Mine B,Deep West,DT-102,Dump Truck (60T),20.0,2.8,17.2
2026-08-21,Mine B,Deep West,DT-103,Dump Truck (60T),20.0,1.3,18.7
2026-08-21,Mine B,Deep West,DR-01,Rotary Blast Drill,20.0,1.7,18.3
2026-08-21,Mine B,Deep West,WL-01,Wheel Loader,20.0,0.5,19.5
2026-08-22,Mine A,North Block,EX-01,Hydraulic Excavator,20.0,1.4,18.6
2026-08-22,Mine A,North Block,EX-02,Hydraulic Excavator,20.0,0.9,19.1
2026-08-22,Mine A,North Block,DT-101,Dump Truck (60T),20.0,0.9,19.1
2026-08-22,Mine A,North Block,DT-102,Dump Truck (60T),20.0,2.0,18.0
2026-08-22,Mine A,North Block,DT-103,Dump Truck (60T),20.0,0.5,19.5
2026-08-22,Mine A,North Block,DR-01,Rotary Blast Drill,20.0,0.5,19.5
2026-08-22,Mine A,North Block,WL-01,Wheel Loader,20.0,3.6,16.4
2026-08-22,Mine A,South Pit,EX-01,Hydraulic Excavator,20.0,0.1,19.9
2026-08-22,Mine A,South Pit,EX-02,Hydraulic Excavator,20.0,0.9,19.1
2026-08-22,Mine A,South Pit,DT-101,Dump Truck (60T),20.0,3.4,16.6
2026-08-22,Mine A,South Pit,DT-102,Dump Truck (60T),20.0,1.3,18.7
2026-08-22,Mine A,South Pit,DT-103,Dump Truck (60T),20.0,1.1,18.9
2026-08-22,Mine A,South Pit,DR-01,Rotary Blast Drill,20.0,0.4,19.6
2026-08-22,Mine A,South Pit,WL-01,Wheel Loader,20.0,0.6,19.4
2026-08-22,Mine B,East Ridge,EX-01,Hydraulic Excavator,20.0,2.7,17.3
2026-08-22,Mine B,East Ridge,EX-02,Hydraulic Excavator,20.0,1.1,18.9
2026-08-22,Mine B,East Ridge,DT-101,Dump Truck (60T),20.0,1.0,19.0
2026-08-22,Mine B,East Ridge,DT-102,Dump Truck (60T),20.0,0.1,19.9
2026-08-22,Mine B,East Ridge,DT-103,Dump Truck (60T),20.0,0.0,20.0
2026-08-22,Mine B,East Ridge,DR-01,Rotary Blast Drill,20.0,4.6,15.4
2026-08-22,Mine B,East Ridge,WL-01,Wheel Loader,20.0,0.7,19.3
2026-08-22,Mine B,Deep West,EX-01,Hydraulic Excavator,20.0,1.3,18.7
2026-08-22,Mine B,Deep West,EX-02,Hydraulic Excavator,20.0,0.1,19.9
2026-08-22,Mine B,Deep West,DT-101,Dump Truck (60T),20.0,1.6,18.4
2026-08-22,Mine B,Deep West,DT-102,Dump Truck (60T),20.0,3.8,16.2
2026-08-22,Mine B,Deep West,DT-103,Dump Truck (60T),20.0,1.2,18.8
2026-08-22,Mine B,Deep West,DR-01,Rotary Blast Drill,20.0,0.2,19.8
2026-08-22,Mine B,Deep West,WL-01,Wheel Loader,20.0,1.2,18.8
2026-08-23,Mine A,North Block,EX-01,Hydraulic Excavator,20.0,2.0,18.0
2026-08-23,Mine A,North Block,EX-02,Hydraulic Excavator,20.0,0.7,19.3
2026-08-23,Mine A,North Block,DT-101,Dump Truck (60T),20.0,3.0,17.0
2026-08-23,Mine A,North Block,DT-102,Dump Truck (60T),20.0,1.5,18.5
2026-08-23,Mine A,North Block,DT-103,Dump Truck (60T),20.0,3.2,16.8
2026-08-23,Mine A,North Block,DR-01,Rotary Blast Drill,20.0,1.4,18.6
2026-08-23,Mine A,North Block,WL-01,Wheel Loader,20.0,0.2,19.8
2026-08-23,Mine A,South Pit,EX-01,Hydraulic Excavator,20.0,0.5,19.5
2026-08-23,Mine A,South Pit,EX-02,Hydraulic Excavator,20.0,0.3,19.7
2026-08-23,Mine A,South Pit,DT-101,Dump Truck (60T),20.0,3.4,16.6
2026-08-23,Mine A,South Pit,DT-102,Dump Truck (60T),20.0,2.0,18.0
2026-08-23,Mine A,South Pit,DT-103,Dump Truck (60T),20.0,1.6,18.4
2026-08-23,Mine A,South Pit,DR-01,Rotary Blast Drill,20.0,0.5,19.5
2026-08-23,Mine A,South Pit,WL-01,Wheel Loader,20.0,0.3,19.7
2026-08-23,Mine B,East Ridge,EX-01,Hydraulic Excavator,20.0,2.0,18.0
2026-08-23,Mine B,East Ridge,EX-02,Hydraulic Excavator,20.0,0.9,19.1
2026-08-23,Mine B,East Ridge,DT-101,Dump Truck (60T),20.0,0.4,19.6
2026-08-23,Mine B,East Ridge,DT-102,Dump Truck (60T),20.0,1.3,18.7
2026-08-23,Mine B,East Ridge,DT-103,Dump Truck (60T),20.0,0.1,19.9
2026-08-23,Mine B,East Ridge,DR-01,Rotary Blast Drill,20.0,0.6,19.4
2026-08-23,Mine B,East Ridge,WL-01,Wheel Loader,20.0,0.9,19.1
2026-08-23,Mine B,Deep West,EX-01,Hydraulic Excavator,20.0,0.2,19.8
2026-08-23,Mine B,Deep West,EX-02,Hydraulic Excavator,20.0,5.8,14.2
2026-08-23,Mine B,Deep West,DT-101,Dump Truck (60T),20.0,0.3,19.7
2026-08-23,Mine B,Deep West,DT-102,Dump Truck (60T),20.0,0.2,19.8
2026-08-23,Mine B,Deep West,DT-103,Dump Truck (60T),20.0,0.3,19.7
2026-08-23,Mine B,Deep West,DR-01,Rotary Blast Drill,20.0,2.1,17.9
2026-08-23,Mine B,Deep West,WL-01,Wheel Loader,20.0,0.8,19.2
2026-08-24,Mine A,North Block,EX-01,Hydraulic Excavator,20.0,1.2,18.8
2026-08-24,Mine A,North Block,EX-02,Hydraulic Excavator,20.0,0.0,20.0
2026-08-24,Mine A,North Block,DT-101,Dump Truck (60T),20.0,0.0,20.0
2026-08-24,Mine A,North Block,DT-102,Dump Truck (60T),20.0,0.8,19.2
2026-08-24,Mine A,North Block,DT-103,Dump Truck (60T),20.0,2.4,17.6
2026-08-24,Mine A,North Block,DR-01,Rotary Blast Drill,20.0,3.0,17.0
2026-08-24,Mine A,North Block,WL-01,Wheel Loader,20.0,0.1,19.9
2026-08-24,Mine A,South Pit,EX-01,Hydraulic Excavator,20.0,1.1,18.9
2026-08-24,Mine A,South Pit,EX-02,Hydraulic Excavator,20.0,3.4,16.6
2026-08-24,Mine A,South Pit,DT-101,Dump Truck (60T),20.0,0.7,19.3
2026-08-24,Mine A,South Pit,DT-102,Dump Truck (60T),20.0,2.5,17.5
2026-08-24,Mine A,South Pit,DT-103,Dump Truck (60T),20.0,0.2,19.8
2026-08-24,Mine A,South Pit,DR-01,Rotary Blast Drill,20.0,3.8,16.2
2026-08-24,Mine A,South Pit,WL-01,Wheel Loader,20.0,1.9,18.1
2026-08-24,Mine B,East Ridge,EX-01,Hydraulic Excavator,20.0,4.0,16.0
2026-08-24,Mine B,East Ridge,EX-02,Hydraulic Excavator,20.0,1.6,18.4
2026-08-24,Mine B,East Ridge,DT-101,Dump Truck (60T),20.0,0.6,19.4
2026-08-24,Mine B,East Ridge,DT-102,Dump Truck (60T),20.0,3.9,16.1
2026-08-24,Mine B,East Ridge,DT-103,Dump Truck (60T),20.0,0.5,19.5
2026-08-24,Mine B,East Ridge,DR-01,Rotary Blast Drill,20.0,0.6,19.4
2026-08-24,Mine B,East Ridge,WL-01,Wheel Loader,20.0,1.7,18.3
2026-08-24,Mine B,Deep West,EX-01,Hydraulic Excavator,20.0,2.0,18.0
2026-08-24,Mine B,Deep West,EX-02,Hydraulic Excavator,20.0,3.7,16.3
2026-08-24,Mine B,Deep West,DT-101,Dump Truck (60T),20.0,0.3,19.7
2026-08-24,Mine B,Deep West,DT-102,Dump Truck (60T),20.0,2.2,17.8
2026-08-24,Mine B,Deep West,DT-103,Dump Truck (60T),20.0,1.9,18.1
2026-08-24,Mine B,Deep West,DR-01,Rotary Blast Drill,20.0,0.1,19.9
2026-08-24,Mine B,Deep West,WL-01,Wheel Loader,20.0,0.7,19.3
2026-08-25,Mine A,North Block,EX-01,Hydraulic Excavator,20.0,0.5,19.5
2026-08-25,Mine A,North Block,EX-02,Hydraulic Excavator,20.0,0.5,19.5
2026-08-25,Mine A,North Block,DT-101,Dump Truck (60T),20.0,5.7,14.3
2026-08-25,Mine A,North Block,DT-102,Dump Truck (60T),20.0,1.4,18.6
2026-08-25,Mine A,North Block,DT-103,Dump Truck (60T),20.0,1.8,18.2
2026-08-25,Mine A,North Block,DR-01,Rotary Blast Drill,20.0,5.3,14.7
2026-08-25,Mine A,North Block,WL-01,Wheel Loader,20.0,0.7,19.3
2026-08-25,Mine A,South Pit,EX-01,Hydraulic Excavator,20.0,2.3,17.7
2026-08-25,Mine A,South Pit,EX-02,Hydraulic Excavator,20.0,0.8,19.2
2026-08-25,Mine A,South Pit,DT-101,Dump Truck (60T),20.0,2.9,17.1
2026-08-25,Mine A,South Pit,DT-102,Dump Truck (60T),20.0,0.3,19.7
2026-08-25,Mine A,South Pit,DT-103,Dump Truck (60T),20.0,4.1,15.9
2026-08-25,Mine A,South Pit,DR-01,Rotary Blast Drill,20.0,0.3,19.7
2026-08-25,Mine A,South Pit,WL-01,Wheel Loader,20.0,0.6,19.4
2026-08-25,Mine B,East Ridge,EX-01,Hydraulic Excavator,20.0,2.0,18.0
2026-08-25,Mine B,East Ridge,EX-02,Hydraulic Excavator,20.0,0.7,19.3
2026-08-25,Mine B,East Ridge,DT-101,Dump Truck (60T),20.0,1.3,18.7
2026-08-25,Mine B,East Ridge,DT-102,Dump Truck (60T),20.0,0.8,19.2
2026-08-25,Mine B,East Ridge,DT-103,Dump Truck (60T),20.0,1.9,18.1
2026-08-25,Mine B,East Ridge,DR-01,Rotary Blast Drill,20.0,0.4,19.6
2026-08-25,Mine B,East Ridge,WL-01,Wheel Loader,20.0,0.1,19.9
2026-08-25,Mine B,Deep West,EX-01,Hydraulic Excavator,20.0,0.5,19.5
2026-08-25,Mine B,Deep West,EX-02,Hydraulic Excavator,20.0,0.9,19.1
2026-08-25,Mine B,Deep West,DT-101,Dump Truck (60T),20.0,0.3,19.7
2026-08-25,Mine B,Deep West,DT-102,Dump Truck (60T),20.0,0.6,19.4
2026-08-25,Mine B,Deep West,DT-103,Dump Truck (60T),20.0,0.7,19.3
2026-08-25,Mine B,Deep West,DR-01,Rotary Blast Drill,20.0,0.1,19.9
2026-08-25,Mine B,Deep West,WL-01,Wheel Loader,20.0,1.2,18.8
2026-08-26,Mine A,North Block,EX-01,Hydraulic Excavator,20.0,3.0,17.0
2026-08-26,Mine A,North Block,EX-02,Hydraulic Excavator,20.0,0.2,19.8
2026-08-26,Mine A,North Block,DT-101,Dump Truck (60T),20.0,1.3,18.7
2026-08-26,Mine A,North Block,DT-102,Dump Truck (60T),20.0,1.5,18.5
2026-08-26,Mine A,North Block,DT-103,Dump Truck (60T),20.0,0.8,19.2
2026-08-26,Mine A,North Block,DR-01,Rotary Blast Drill,20.0,1.7,18.3
2026-08-26,Mine A,North Block,WL-01,Wheel Loader,20.0,0.7,19.3
2026-08-26,Mine A,South Pit,EX-01,Hydraulic Excavator,20.0,1.0,19.0
2026-08-26,Mine A,South Pit,EX-02,Hydraulic Excavator,20.0,0.0,20.0
2026-08-26,Mine A,South Pit,DT-101,Dump Truck (60T),20.0,1.6,18.4
2026-08-26,Mine A,South Pit,DT-102,Dump Truck (60T),20.0,1.5,18.5
2026-08-26,Mine A,South Pit,DT-103,Dump Truck (60T),20.0,0.1,19.9
2026-08-26,Mine A,South Pit,DR-01,Rotary Blast Drill,20.0,0.6,19.4
2026-08-26,Mine A,South Pit,WL-01,Wheel Loader,20.0,5.4,14.6
2026-08-26,Mine B,East Ridge,EX-01,Hydraulic Excavator,20.0,0.8,19.2
2026-08-26,Mine B,East Ridge,EX-02,Hydraulic Excavator,20.0,1.0,19.0
2026-08-26,Mine B,East Ridge,DT-101,Dump Truck (60T),20.0,3.4,16.6
2026-08-26,Mine B,East Ridge,DT-102,Dump Truck (60T),20.0,1.8,18.2
2026-08-26,Mine B,East Ridge,DT-103,Dump Truck (60T),20.0,1.2,18.8
2026-08-26,Mine B,East Ridge,DR-01,Rotary Blast Drill,20.0,2.2,17.8
2026-08-26,Mine B,East Ridge,WL-01,Wheel Loader,20.0,2.8,17.2
2026-08-26,Mine B,Deep West,EX-01,Hydraulic Excavator,20.0,0.9,19.1
2026-08-26,Mine B,Deep West,EX-02,Hydraulic Excavator,20.0,0.9,19.1
2026-08-26,Mine B,Deep West,DT-101,Dump Truck (60T),20.0,0.7,19.3
2026-08-26,Mine B,Deep West,DT-102,Dump Truck (60T),20.0,4.8,15.2
2026-08-26,Mine B,Deep West,DT-103,Dump Truck (60T),20.0,1.7,18.3
2026-08-26,Mine B,Deep West,DR-01,Rotary Blast Drill,20.0,0.1,19.9
2026-08-26,Mine B,Deep West,WL-01,Wheel Loader,20.0,2.8,17.2
2026-08-27,Mine A,North Block,EX-01,Hydraulic Excavator,20.0,0.9,19.1
2026-08-27,Mine A,North Block,EX-02,Hydraulic Excavator,20.0,0.1,19.9
2026-08-27,Mine A,North Block,DT-101,Dump Truck (60T),20.0,1.1,18.9
2026-08-27,Mine A,North Block,DT-102,Dump Truck (60T),20.0,0.8,19.2
2026-08-27,Mine A,North Block,DT-103,Dump Truck (60T),20.0,2.9,17.1
2026-08-27,Mine A,North Block,DR-01,Rotary Blast Drill,20.0,0.3,19.7
2026-08-27,Mine A,North Block,WL-01,Wheel Loader,20.0,2.5,17.5
2026-08-27,Mine A,South Pit,EX-01,Hydraulic Excavator,20.0,1.1,18.9
2026-08-27,Mine A,South Pit,EX-02,Hydraulic Excavator,20.0,0.1,19.9
2026-08-27,Mine A,South Pit,DT-101,Dump Truck (60T),20.0,5.0,15.0
2026-08-27,Mine A,South Pit,DT-102,Dump Truck (60T),20.0,1.0,19.0
2026-08-27,Mine A,South Pit,DT-103,Dump Truck (60T),20.0,0.5,19.5
2026-08-27,Mine A,South Pit,DR-01,Rotary Blast Drill,20.0,0.9,19.1
2026-08-27,Mine A,South Pit,WL-01,Wheel Loader,20.0,2.7,17.3
2026-08-27,Mine B,East Ridge,EX-01,Hydraulic Excavator,20.0,0.5,19.5
2026-08-27,Mine B,East Ridge,EX-02,Hydraulic Excavator,20.0,0.3,19.7
2026-08-27,Mine B,East Ridge,DT-101,Dump Truck (60T),20.0,0.2,19.8
2026-08-27,Mine B,East Ridge,DT-102,Dump Truck (60T),20.0,0.5,19.5
2026-08-27,Mine B,East Ridge,DT-103,Dump Truck (60T),20.0,2.1,17.9
2026-08-27,Mine B,East Ridge,DR-01,Rotary Blast Drill,20.0,0.9,19.1
2026-08-27,Mine B,East Ridge,WL-01,Wheel Loader,20.0,0.4,19.6
2026-08-27,Mine B,Deep West,EX-01,Hydraulic Excavator,20.0,0.3,19.7
2026-08-27,Mine B,Deep West,EX-02,Hydraulic Excavator,20.0,0.6,19.4
2026-08-27,Mine B,Deep West,DT-101,Dump Truck (60T),20.0,3.9,16.1
2026-08-27,Mine B,Deep West,DT-102,Dump Truck (60T),20.0,0.6,19.4
2026-08-27,Mine B,Deep West,DT-103,Dump Truck (60T),20.0,6.2,13.8
2026-08-27,Mine B,Deep West,DR-01,Rotary Blast Drill,20.0,0.9,19.1
2026-08-27,Mine B,Deep West,WL-01,Wheel Loader,20.0,0.3,19.7
2026-08-28,Mine A,North Block,EX-01,Hydraulic Excavator,20.0,3.1,16.9
2026-08-28,Mine A,North Block,EX-02,Hydraulic Excavator,20.0,0.9,19.1
2026-08-28,Mine A,North Block,DT-101,Dump Truck (60T),20.0,1.7,18.3
2026-08-28,Mine A,North Block,DT-102,Dump Truck (60T),20.0,5.8,14.2
2026-08-28,Mine A,North Block,DT-103,Dump Truck (60T),20.0,0.1,19.9
2026-08-28,Mine A,North Block,DR-01,Rotary Blast Drill,20.0,0.1,19.9
2026-08-28,Mine A,North Block,WL-01,Wheel Loader,20.0,1.8,18.2
2026-08-28,Mine A,South Pit,EX-01,Hydraulic Excavator,20.0,0.5,19.5
2026-08-28,Mine A,South Pit,EX-02,Hydraulic Excavator,20.0,0.3,19.7
2026-08-28,Mine A,South Pit,DT-101,Dump Truck (60T),20.0,0.1,19.9
2026-08-28,Mine A,South Pit,DT-102,Dump Truck (60T),20.0,0.0,20.0
2026-08-28,Mine A,South Pit,DT-103,Dump Truck (60T),20.0,2.1,17.9
2026-08-28,Mine A,South Pit,DR-01,Rotary Blast Drill,20.0,0.2,19.8
2026-08-28,Mine A,South Pit,WL-01,Wheel Loader,20.0,0.9,19.1
2026-08-28,Mine B,East Ridge,EX-01,Hydraulic Excavator,20.0,1.3,18.7
2026-08-28,Mine B,East Ridge,EX-02,Hydraulic Excavator,20.0,0.8,19.2
2026-08-28,Mine B,East Ridge,DT-101,Dump Truck (60T),20.0,0.0,20.0
2026-08-28,Mine B,East Ridge,DT-102,Dump Truck (60T),20.0,2.1,17.9
2026-08-28,Mine B,East Ridge,DT-103,Dump Truck (60T),20.0,0.0,20.0
2026-08-28,Mine B,East Ridge,DR-01,Rotary Blast Drill,20.0,2.0,18.0
2026-08-28,Mine B,East Ridge,WL-01,Wheel Loader,20.0,3.1,16.9
2026-08-28,Mine B,Deep West,EX-01,Hydraulic Excavator,20.0,0.8,19.2
2026-08-28,Mine B,Deep West,EX-02,Hydraulic Excavator,20.0,1.1,18.9
2026-08-28,Mine B,Deep West,DT-101,Dump Truck (60T),20.0,0.9,19.1
2026-08-28,Mine B,Deep West,DT-102,Dump Truck (60T),20.0,0.7,19.3
2026-08-28,Mine B,Deep West,DT-103,Dump Truck (60T),20.0,3.1,16.9
2026-08-28,Mine B,Deep West,DR-01,Rotary Blast Drill,20.0,3.1,16.9
2026-08-28,Mine B,Deep West,WL-01,Wheel Loader,20.0,0.6,19.4
2026-08-29,Mine A,North Block,EX-01,Hydraulic Excavator,20.0,1.3,18.7
2026-08-29,Mine A,North Block,EX-02,Hydraulic Excavator,20.0,3.7,16.3
2026-08-29,Mine A,North Block,DT-101,Dump Truck (60T),20.0,4.6,15.4
2026-08-29,Mine A,North Block,DT-102,Dump Truck (60T),20.0,1.0,19.0
2026-08-29,Mine A,North Block,DT-103,Dump Truck (60T),20.0,0.8,19.2
2026-08-29,Mine A,North Block,DR-01,Rotary Blast Drill,20.0,0.5,19.5
2026-08-29,Mine A,North Block,WL-01,Wheel Loader,20.0,4.5,15.5
2026-08-29,Mine A,South Pit,EX-01,Hydraulic Excavator,20.0,0.2,19.8
2026-08-29,Mine A,South Pit,EX-02,Hydraulic Excavator,20.0,1.2,18.8
2026-08-29,Mine A,South Pit,DT-101,Dump Truck (60T),20.0,0.5,19.5
2026-08-29,Mine A,South Pit,DT-102,Dump Truck (60T),20.0,0.5,19.5
2026-08-29,Mine A,South Pit,DT-103,Dump Truck (60T),20.0,0.7,19.3
2026-08-29,Mine A,South Pit,DR-01,Rotary Blast Drill,20.0,8.0,12.0
2026-08-29,Mine A,South Pit,WL-01,Wheel Loader,20.0,0.1,19.9
2026-08-29,Mine B,East Ridge,EX-01,Hydraulic Excavator,20.0,1.2,18.8
2026-08-29,Mine B,East Ridge,EX-02,Hydraulic Excavator,20.0,0.1,19.9
2026-08-29,Mine B,East Ridge,DT-101,Dump Truck (60T),20.0,0.2,19.8
2026-08-29,Mine B,East Ridge,DT-102,Dump Truck (60T),20.0,0.8,19.2
2026-08-29,Mine B,East Ridge,DT-103,Dump Truck (60T),20.0,1.0,19.0
2026-08-29,Mine B,East Ridge,DR-01,Rotary Blast Drill,20.0,0.4,19.6
2026-08-29,Mine B,East Ridge,WL-01,Wheel Loader,20.0,0.5,19.5
2026-08-29,Mine B,Deep West,EX-01,Hydraulic Excavator,20.0,0.1,19.9
2026-08-29,Mine B,Deep West,EX-02,Hydraulic Excavator,20.0,0.5,19.5
2026-08-29,Mine B,Deep West,DT-101,Dump Truck (60T),20.0,4.8,15.2
2026-08-29,Mine B,Deep West,DT-102,Dump Truck (60T),20.0,4.1,15.9
2026-08-29,Mine B,Deep West,DT-103,Dump Truck (60T),20.0,0.6,19.4
2026-08-29,Mine B,Deep West,DR-01,Rotary Blast Drill,20.0,1.2,18.8
2026-08-29,Mine B,Deep West,WL-01,Wheel Loader,20.0,3.4,16.6
2026-08-30,Mine A,North Block,EX-01,Hydraulic Excavator,20.0,0.0,20.0
2026-08-30,Mine A,North Block,EX-02,Hydraulic Excavator,20.0,2.3,17.7
2026-08-30,Mine A,North Block,DT-101,Dump Truck (60T),20.0,4.1,15.9
2026-08-30,Mine A,North Block,DT-102,Dump Truck (60T),20.0,0.1,19.9
2026-08-30,Mine A,North Block,DT-103,Dump Truck (60T),20.0,0.2,19.8
2026-08-30,Mine A,North Block,DR-01,Rotary Blast Drill,20.0,4.5,15.5
2026-08-30,Mine A,North Block,WL-01,Wheel Loader,20.0,1.1,18.9
2026-08-30,Mine A,South Pit,EX-01,Hydraulic Excavator,20.0,0.0,20.0
2026-08-30,Mine A,South Pit,EX-02,Hydraulic Excavator,20.0,0.4,19.6
2026-08-30,Mine A,South Pit,DT-101,Dump Truck (60T),20.0,0.8,19.2
2026-08-30,Mine A,South Pit,DT-102,Dump Truck (60T),20.0,1.7,18.3
2026-08-30,Mine A,South Pit,DT-103,Dump Truck (60T),20.0,1.8,18.2
2026-08-30,Mine A,South Pit,DR-01,Rotary Blast Drill,20.0,7.5,12.5
2026-08-30,Mine A,South Pit,WL-01,Wheel Loader,20.0,0.5,19.5
2026-08-30,Mine B,East Ridge,EX-01,Hydraulic Excavator,20.0,1.1,18.9
2026-08-30,Mine B,East Ridge,EX-02,Hydraulic Excavator,20.0,1.1,18.9
2026-08-30,Mine B,East Ridge,DT-101,Dump Truck (60T),20.0,0.7,19.3
2026-08-30,Mine B,East Ridge,DT-102,Dump Truck (60T),20.0,0.3,19.7
2026-08-30,Mine B,East Ridge,DT-103,Dump Truck (60T),20.0,5.3,14.7
2026-08-30,Mine B,East Ridge,DR-01,Rotary Blast Drill,20.0,2.7,17.3
2026-08-30,Mine B,East Ridge,WL-01,Wheel Loader,20.0,1.0,19.0
2026-08-30,Mine B,Deep West,EX-01,Hydraulic Excavator,20.0,1.3,18.7
2026-08-30,Mine B,Deep West,EX-02,Hydraulic Excavator,20.0,0.4,19.6
2026-08-30,Mine B,Deep West,DT-101,Dump Truck (60T),20.0,1.1,18.9
2026-08-30,Mine B,Deep West,DT-102,Dump Truck (60T),20.0,1.7,18.3
2026-08-30,Mine B,Deep West,DT-103,Dump Truck (60T),20.0,1.0,19.0
2026-08-30,Mine B,Deep West,DR-01,Rotary Blast Drill,20.0,6.5,13.5
2026-08-30,Mine B,Deep West,WL-01,Wheel Loader,20.0,1.3,18.7
2026-08-31,Mine A,North Block,EX-01,Hydraulic Excavator,20.0,0.6,19.4
2026-08-31,Mine A,North Block,EX-02,Hydraulic Excavator,20.0,2.1,17.9
2026-08-31,Mine A,North Block,DT-101,Dump Truck (60T),20.0,0.3,19.7
2026-08-31,Mine A,North Block,DT-102,Dump Truck (60T),20.0,0.7,19.3
2026-08-31,Mine A,North Block,DT-103,Dump Truck (60T),20.0,0.6,19.4
2026-08-31,Mine A,North Block,DR-01,Rotary Blast Drill,20.0,0.8,19.2
2026-08-31,Mine A,North Block,WL-01,Wheel Loader,20.0,2.1,17.9
2026-08-31,Mine A,South Pit,EX-01,Hydraulic Excavator,20.0,0.9,19.1
2026-08-31,Mine A,South Pit,EX-02,Hydraulic Excavator,20.0,2.2,17.8
2026-08-31,Mine A,South Pit,DT-101,Dump Truck (60T),20.0,1.2,18.8
2026-08-31,Mine A,South Pit,DT-102,Dump Truck (60T),20.0,0.6,19.4
2026-08-31,Mine A,South Pit,DT-103,Dump Truck (60T),20.0,2.3,17.7
2026-08-31,Mine A,South Pit,DR-01,Rotary Blast Drill,20.0,0.4,19.6
2026-08-31,Mine A,South Pit,WL-01,Wheel Loader,20.0,0.4,19.6
2026-08-31,Mine B,East Ridge,EX-01,Hydraulic Excavator,20.0,1.0,19.0
2026-08-31,Mine B,East Ridge,EX-02,Hydraulic Excavator,20.0,0.4,19.6
2026-08-31,Mine B,East Ridge,DT-101,Dump Truck (60T),20.0,0.0,20.0
2026-08-31,Mine B,East Ridge,DT-102,Dump Truck (60T),20.0,1.5,18.5
2026-08-31,Mine B,East Ridge,DT-103,Dump Truck (60T),20.0,1.0,19.0
2026-08-31,Mine B,East Ridge,DR-01,Rotary Blast Drill,20.0,0.8,19.2
2026-08-31,Mine B,East Ridge,WL-01,Wheel Loader,20.0,4.8,15.2
2026-08-31,Mine B,Deep West,EX-01,Hydraulic Excavator,20.0,1.2,18.8
2026-08-31,Mine B,Deep West,EX-02,Hydraulic Excavator,20.0,2.8,17.2
2026-08-31,Mine B,Deep West,DT-101,Dump Truck (60T),20.0,0.2,19.8
2026-08-31,Mine B,Deep West,DT-102,Dump Truck (60T),20.0,1.2,18.8
2026-08-31,Mine B,Deep West,DT-103,Dump Truck (60T),20.0,2.8,17.2
2026-08-31,Mine B,Deep West,DR-01,Rotary Blast Drill,20.0,1.2,18.8
2026-08-31,Mine B,Deep West,WL-01,Wheel Loader,20.0,1.8,18.2
2026-09-01,Mine A,North Block,EX-01,Hydraulic Excavator,20.0,0.7,19.3
2026-09-01,Mine A,North Block,EX-02,Hydraulic Excavator,20.0,0.1,19.9
2026-09-01,Mine A,North Block,DT-101,Dump Truck (60T),20.0,0.9,19.1
2026-09-01,Mine A,North Block,DT-102,Dump Truck (60T),20.0,0.7,19.3
2026-09-01,Mine A,North Block,DT-103,Dump Truck (60T),20.0,2.8,17.2
2026-09-01,Mine A,North Block,DR-01,Rotary Blast Drill,20.0,0.4,19.6
2026-09-01,Mine A,North Block,WL-01,Wheel Loader,20.0,4.8,15.2
2026-09-01,Mine A,South Pit,EX-01,Hydraulic Excavator,20.0,4.4,15.6
2026-09-01,Mine A,South Pit,EX-02,Hydraulic Excavator,20.0,0.4,19.6
2026-09-01,Mine A,South Pit,DT-101,Dump Truck (60T),20.0,0.6,19.4
2026-09-01,Mine A,South Pit,DT-102,Dump Truck (60T),20.0,3.2,16.8
2026-09-01,Mine A,South Pit,DT-103,Dump Truck (60T),20.0,4.8,15.2
2026-09-01,Mine A,South Pit,DR-01,Rotary Blast Drill,20.0,0.8,19.2
2026-09-01,Mine A,South Pit,WL-01,Wheel Loader,20.0,0.5,19.5
2026-09-01,Mine B,East Ridge,EX-01,Hydraulic Excavator,20.0,1.0,19.0
2026-09-01,Mine B,East Ridge,EX-02,Hydraulic Excavator,20.0,1.6,18.4
2026-09-01,Mine B,East Ridge,DT-101,Dump Truck (60T),20.0,0.4,19.6
2026-09-01,Mine B,East Ridge,DT-102,Dump Truck (60T),20.0,1.9,18.1
2026-09-01,Mine B,East Ridge,DT-103,Dump Truck (60T),20.0,0.1,19.9
2026-09-01,Mine B,East Ridge,DR-01,Rotary Blast Drill,20.0,0.1,19.9
2026-09-01,Mine B,East Ridge,WL-01,Wheel Loader,20.0,0.7,19.3
2026-09-01,Mine B,Deep West,EX-01,Hydraulic Excavator,20.0,0.6,19.4
2026-09-01,Mine B,Deep West,EX-02,Hydraulic Excavator,20.0,0.5,19.5
2026-09-01,Mine B,Deep West,DT-101,Dump Truck (60T),20.0,0.9,19.1
2026-09-01,Mine B,Deep West,DT-102,Dump Truck (60T),20.0,0.5,19.5
2026-09-01,Mine B,Deep West,DT-103,Dump Truck (60T),20.0,0.3,19.7
2026-09-01,Mine B,Deep West,DR-01,Rotary Blast Drill,20.0,0.5,19.5
2026-09-01,Mine B,Deep West,WL-01,Wheel Loader,20.0,5.2,14.8
2026-09-02,Mine A,North Block,EX-01,Hydraulic Excavator,20.0,0.7,19.3
2026-09-02,Mine A,North Block,EX-02,Hydraulic Excavator,20.0,0.8,19.2
2026-09-02,Mine A,North Block,DT-101,Dump Truck (60T),20.0,1.2,18.8
2026-09-02,Mine A,North Block,DT-102,Dump Truck (60T),20.0,5.7,14.3
2026-09-02,Mine A,North Block,DT-103,Dump Truck (60T),20.0,0.4,19.6
2026-09-02,Mine A,North Block,DR-01,Rotary Blast Drill,20.0,1.6,18.4
2026-09-02,Mine A,North Block,WL-01,Wheel Loader,20.0,1.8,18.2
2026-09-02,Mine A,South Pit,EX-01,Hydraulic Excavator,20.0,1.3,18.7
2026-09-02,Mine A,South Pit,EX-02,Hydraulic Excavator,20.0,0.1,19.9
2026-09-02,Mine A,South Pit,DT-101,Dump Truck (60T),20.0,1.6,18.4
2026-09-02,Mine A,South Pit,DT-102,Dump Truck (60T),20.0,0.1,19.9
2026-09-02,Mine A,South Pit,DT-103,Dump Truck (60T),20.0,1.3,18.7
2026-09-02,Mine A,South Pit,DR-01,Rotary Blast Drill,20.0,1.9,18.1
2026-09-02,Mine A,South Pit,WL-01,Wheel Loader,20.0,0.3,19.7
2026-09-02,Mine B,East Ridge,EX-01,Hydraulic Excavator,20.0,2.6,17.4
2026-09-02,Mine B,East Ridge,EX-02,Hydraulic Excavator,20.0,0.0,20.0
2026-09-02,Mine B,East Ridge,DT-101,Dump Truck (60T),20.0,2.6,17.4
2026-09-02,Mine B,East Ridge,DT-102,Dump Truck (60T),20.0,0.9,19.1
2026-09-02,Mine B,East Ridge,DT-103,Dump Truck (60T),20.0,0.3,19.7
2026-09-02,Mine B,East Ridge,DR-01,Rotary Blast Drill,20.0,0.2,19.8
2026-09-02,Mine B,East Ridge,WL-01,Wheel Loader,20.0,4.3,15.7
2026-09-02,Mine B,Deep West,EX-01,Hydraulic Excavator,20.0,0.1,19.9
2026-09-02,Mine B,Deep West,EX-02,Hydraulic Excavator,20.0,0.3,19.7
2026-09-02,Mine B,Deep West,DT-101,Dump Truck (60T),20.0,0.6,19.4
2026-09-02,Mine B,Deep West,DT-102,Dump Truck (60T),20.0,1.4,18.6
2026-09-02,Mine B,Deep West,DT-103,Dump Truck (60T),20.0,1.1,18.9
2026-09-02,Mine B,Deep West,DR-01,Rotary Blast Drill,20.0,0.2,19.8
2026-09-02,Mine B,Deep West,WL-01,Wheel Loader,20.0,0.5,19.5
2026-09-03,Mine A,North Block,EX-01,Hydraulic Excavator,20.0,0.4,19.6
2026-09-03,Mine A,North Block,EX-02,Hydraulic Excavator,20.0,0.3,19.7
2026-09-03,Mine A,North Block,DT-101,Dump Truck (60T),20.0,0.7,19.3
2026-09-03,Mine A,North Block,DT-102,Dump Truck (60T),20.0,1.7,18.3
2026-09-03,Mine A,North Block,DT-103,Dump Truck (60T),20.0,0.3,19.7
2026-09-03,Mine A,North Block,DR-01,Rotary Blast Drill,20.0,0.6,19.4
2026-09-03,Mine A,North Block,WL-01,Wheel Loader,20.0,0.7,19.3
2026-09-03,Mine A,South Pit,EX-01,Hydraulic Excavator,20.0,5.2,14.8
2026-09-03,Mine A,South Pit,EX-02,Hydraulic Excavator,20.0,4.3,15.7
2026-09-03,Mine A,South Pit,DT-101,Dump Truck (60T),20.0,2.3,17.7
2026-09-03,Mine A,South Pit,DT-102,Dump Truck (60T),20.0,0.4,19.6
2026-09-03,Mine A,South Pit,DT-103,Dump Truck (60T),20.0,0.1,19.9
2026-09-03,Mine A,South Pit,DR-01,Rotary Blast Drill,20.0,0.5,19.5
2026-09-03,Mine A,South Pit,WL-01,Wheel Loader,20.0,0.4,19.6
2026-09-03,Mine B,East Ridge,EX-01,Hydraulic Excavator,20.0,1.0,19.0
2026-09-03,Mine B,East Ridge,EX-02,Hydraulic Excavator,20.0,2.1,17.9
2026-09-03,Mine B,East Ridge,DT-101,Dump Truck (60T),20.0,2.7,17.3
2026-09-03,Mine B,East Ridge,DT-102,Dump Truck (60T),20.0,2.6,17.4
2026-09-03,Mine B,East Ridge,DT-103,Dump Truck (60T),20.0,0.6,19.4
2026-09-03,Mine B,East Ridge,DR-01,Rotary Blast Drill,20.0,1.6,18.4
2026-09-03,Mine B,East Ridge,WL-01,Wheel Loader,20.0,0.5,19.5
2026-09-03,Mine B,Deep West,EX-01,Hydraulic Excavator,20.0,0.1,19.9
2026-09-03,Mine B,Deep West,EX-02,Hydraulic Excavator,20.0,1.7,18.3
2026-09-03,Mine B,Deep West,DT-101,Dump Truck (60T),20.0,0.0,20.0
2026-09-03,Mine B,Deep West,DT-102,Dump Truck (60T),20.0,0.7,19.3
2026-09-03,Mine B,Deep West,DT-103,Dump Truck (60T),20.0,0.6,19.4
2026-09-03,Mine B,Deep West,DR-01,Rotary Blast Drill,20.0,1.7,18.3
2026-09-03,Mine B,Deep West,WL-01,Wheel Loader,20.0,2.0,18.0
2026-09-04,Mine A,North Block,EX-01,Hydraulic Excavator,20.0,0.5,19.5
2026-09-04,Mine A,North Block,EX-02,Hydraulic Excavator,20.0,2.3,17.7
2026-09-04,Mine A,North Block,DT-101,Dump Truck (60T),20.0,0.5,19.5
2026-09-04,Mine A,North Block,DT-102,Dump Truck (60T),20.0,0.8,19.2
2026-09-04,Mine A,North Block,DT-103,Dump Truck (60T),20.0,1.8,18.2
2026-09-04,Mine A,North Block,DR-01,Rotary Blast Drill,20.0,1.7,18.3
2026-09-04,Mine A,North Block,WL-01,Wheel Loader,20.0,6.1,13.9
2026-09-04,Mine A,South Pit,EX-01,Hydraulic Excavator,20.0,0.4,19.6
2026-09-04,Mine A,South Pit,EX-02,Hydraulic Excavator,20.0,1.5,18.5
2026-09-04,Mine A,South Pit,DT-101,Dump Truck (60T),20.0,1.3,18.7
2026-09-04,Mine A,South Pit,DT-102,Dump Truck (60T),20.0,3.5,16.5
2026-09-04,Mine A,South Pit,DT-103,Dump Truck (60T),20.0,0.2,19.8
2026-09-04,Mine A,South Pit,DR-01,Rotary Blast Drill,20.0,2.0,18.0
2026-09-04,Mine A,South Pit,WL-01,Wheel Loader,20.0,1.2,18.8
2026-09-04,Mine B,East Ridge,EX-01,Hydraulic Excavator,20.0,0.4,19.6
2026-09-04,Mine B,East Ridge,EX-02,Hydraulic Excavator,20.0,0.9,19.1
2026-09-04,Mine B,East Ridge,DT-101,Dump Truck (60T),20.0,0.6,19.4
2026-09-04,Mine B,East Ridge,DT-102,Dump Truck (60T),20.0,1.2,18.8
2026-09-04,Mine B,East Ridge,DT-103,Dump Truck (60T),20.0,3.1,16.9
2026-09-04,Mine B,East Ridge,DR-01,Rotary Blast Drill,20.0,1.2,18.8
2026-09-04,Mine B,East Ridge,WL-01,Wheel Loader,20.0,1.4,18.6
2026-09-04,Mine B,Deep West,EX-01,Hydraulic Excavator,20.0,1.0,19.0
2026-09-04,Mine B,Deep West,EX-02,Hydraulic Excavator,20.0,0.1,19.9
2026-09-04,Mine B,Deep West,DT-101,Dump Truck (60T),20.0,0.4,19.6
2026-09-04,Mine B,Deep West,DT-102,Dump Truck (60T),20.0,0.9,19.1
2026-09-04,Mine B,Deep West,DT-103,Dump Truck (60T),20.0,0.5,19.5
2026-09-04,Mine B,Deep West,DR-01,Rotary Blast Drill,20.0,0.3,19.7
2026-09-04,Mine B,Deep West,WL-01,Wheel Loader,20.0,1.0,19.0
2026-09-05,Mine A,North Block,EX-01,Hydraulic Excavator,20.0,0.5,19.5
2026-09-05,Mine A,North Block,EX-02,Hydraulic Excavator,20.0,0.4,19.6
2026-09-05,Mine A,North Block,DT-101,Dump Truck (60T),20.0,0.9,19.1
2026-09-05,Mine A,North Block,DT-102,Dump Truck (60T),20.0,0.2,19.8
2026-09-05,Mine A,North Block,DT-103,Dump Truck (60T),20.0,3.7,16.3
2026-09-05,Mine A,North Block,DR-01,Rotary Blast Drill,20.0,2.8,17.2
2026-09-05,Mine A,North Block,WL-01,Wheel Loader,20.0,1.7,18.3
2026-09-05,Mine A,South Pit,EX-01,Hydraulic Excavator,20.0,0.2,19.8
2026-09-05,Mine A,South Pit,EX-02,Hydraulic Excavator,20.0,2.1,17.9
2026-09-05,Mine A,South Pit,DT-101,Dump Truck (60T),20.0,2.3,17.7
2026-09-05,Mine A,South Pit,DT-102,Dump Truck (60T),20.0,2.0,18.0
2026-09-05,Mine A,South Pit,DT-103,Dump Truck (60T),20.0,0.2,19.8
2026-09-05,Mine A,South Pit,DR-01,Rotary Blast Drill,20.0,1.4,18.6
2026-09-05,Mine A,South Pit,WL-01,Wheel Loader,20.0,2.5,17.5
2026-09-05,Mine B,East Ridge,EX-01,Hydraulic Excavator,20.0,1.2,18.8
2026-09-05,Mine B,East Ridge,EX-02,Hydraulic Excavator,20.0,1.5,18.5
2026-09-05,Mine B,East Ridge,DT-101,Dump Truck (60T),20.0,0.9,19.1
2026-09-05,Mine B,East Ridge,DT-102,Dump Truck (60T),20.0,1.1,18.9
2026-09-05,Mine B,East Ridge,DT-103,Dump Truck (60T),20.0,0.0,20.0
2026-09-05,Mine B,East Ridge,DR-01,Rotary Blast Drill,20.0,1.4,18.6
2026-09-05,Mine B,East Ridge,WL-01,Wheel Loader,20.0,0.1,19.9
2026-09-05,Mine B,Deep West,EX-01,Hydraulic Excavator,20.0,0.8,19.2
2026-09-05,Mine B,Deep West,EX-02,Hydraulic Excavator,20.0,0.5,19.5
2026-09-05,Mine B,Deep West,DT-101,Dump Truck (60T),20.0,1.1,18.9
2026-09-05,Mine B,Deep West,DT-102,Dump Truck (60T),20.0,0.2,19.8
2026-09-05,Mine B,Deep West,DT-103,Dump Truck (60T),20.0,1.6,18.4
2026-09-05,Mine B,Deep West,DR-01,Rotary Blast Drill,20.0,2.2,17.8
2026-09-05,Mine B,Deep West,WL-01,Wheel Loader,20.0,0.2,19.8
2026-09-06,Mine A,North Block,EX-01,Hydraulic Excavator,20.0,0.2,19.8
2026-09-06,Mine A,North Block,EX-02,Hydraulic Excavator,20.0,0.2,19.8
2026-09-06,Mine A,North Block,DT-101,Dump Truck (60T),20.0,2.9,17.1
2026-09-06,Mine A,North Block,DT-102,Dump Truck (60T),20.0,1.1,18.9
2026-09-06,Mine A,North Block,DT-103,Dump Truck (60T),20.0,0.9,19.1
2026-09-06,Mine A,North Block,DR-01,Rotary Blast Drill,20.0,0.2,19.8
2026-09-06,Mine A,North Block,WL-01,Wheel Loader,20.0,1.5,18.5
2026-09-06,Mine A,South Pit,EX-01,Hydraulic Excavator,20.0,2.8,17.2
2026-09-06,Mine A,South Pit,EX-02,Hydraulic Excavator,20.0,2.5,17.5
2026-09-06,Mine A,South Pit,DT-101,Dump Truck (60T),20.0,1.4,18.6
2026-09-06,Mine A,South Pit,DT-102,Dump Truck (60T),20.0,0.1,19.9
2026-09-06,Mine A,South Pit,DT-103,Dump Truck (60T),20.0,0.2,19.8
2026-09-06,Mine A,South Pit,DR-01,Rotary Blast Drill,20.0,0.1,19.9
2026-09-06,Mine A,South Pit,WL-01,Wheel Loader,20.0,0.4,19.6
2026-09-06,Mine B,East Ridge,EX-01,Hydraulic Excavator,20.0,0.2,19.8
2026-09-06,Mine B,East Ridge,EX-02,Hydraulic Excavator,20.0,0.4,19.6
2026-09-06,Mine B,East Ridge,DT-101,Dump Truck (60T),20.0,0.7,19.3
2026-09-06,Mine B,East Ridge,DT-102,Dump Truck (60T),20.0,4.0,16.0
2026-09-06,Mine B,East Ridge,DT-103,Dump Truck (60T),20.0,1.3,18.7
2026-09-06,Mine B,East Ridge,DR-01,Rotary Blast Drill,20.0,2.5,17.5
2026-09-06,Mine B,East Ridge,WL-01,Wheel Loader,20.0,1.7,18.3
2026-09-06,Mine B,Deep West,EX-01,Hydraulic Excavator,20.0,0.2,19.8
2026-09-06,Mine B,Deep West,EX-02,Hydraulic Excavator,20.0,1.9,18.1
2026-09-06,Mine B,Deep West,DT-101,Dump Truck (60T),20.0,0.5,19.5
2026-09-06,Mine B,Deep West,DT-102,Dump Truck (60T),20.0,1.4,18.6
2026-09-06,Mine B,Deep West,DT-103,Dump Truck (60T),20.0,0.6,19.4
2026-09-06,Mine B,Deep West,DR-01,Rotary Blast Drill,20.0,8.0,12.0
2026-09-06,Mine B,Deep West,WL-01,Wheel Loader,20.0,0.4,19.6
2026-09-07,Mine A,North Block,EX-01,Hydraulic Excavator,20.0,0.5,19.5
2026-09-07,Mine A,North Block,EX-02,Hydraulic Excavator,20.0,3.7,16.3
2026-09-07,Mine A,North Block,DT-101,Dump Truck (60T),20.0,0.0,20.0
2026-09-07,Mine A,North Block,DT-102,Dump Truck (60T),20.0,1.7,18.3
2026-09-07,Mine A,North Block,DT-103,Dump Truck (60T),20.0,1.8,18.2
2026-09-07,Mine A,North Block,DR-01,Rotary Blast Drill,20.0,2.5,17.5
2026-09-07,Mine A,North Block,WL-01,Wheel Loader,20.0,5.1,14.9
2026-09-07,Mine A,South Pit,EX-01,Hydraulic Excavator,20.0,5.2,14.8
2026-09-07,Mine A,South Pit,EX-02,Hydraulic Excavator,20.0,0.1,19.9
2026-09-07,Mine A,South Pit,DT-101,Dump Truck (60T),20.0,2.4,17.6
2026-09-07,Mine A,South Pit,DT-102,Dump Truck (60T),20.0,1.5,18.5
2026-09-07,Mine A,South Pit,DT-103,Dump Truck (60T),20.0,1.5,18.5
2026-09-07,Mine A,South Pit,DR-01,Rotary Blast Drill,20.0,0.2,19.8
2026-09-07,Mine A,South Pit,WL-01,Wheel Loader,20.0,1.5,18.5
2026-09-07,Mine B,East Ridge,EX-01,Hydraulic Excavator,20.0,5.7,14.3
2026-09-07,Mine B,East Ridge,EX-02,Hydraulic Excavator,20.0,3.4,16.6
2026-09-07,Mine B,East Ridge,DT-101,Dump Truck (60T),20.0,0.8,19.2
2026-09-07,Mine B,East Ridge,DT-102,Dump Truck (60T),20.0,0.1,19.9
2026-09-07,Mine B,East Ridge,DT-103,Dump Truck (60T),20.0,0.6,19.4
2026-09-07,Mine B,East Ridge,DR-01,Rotary Blast Drill,20.0,2.5,17.5
2026-09-07,Mine B,East Ridge,WL-01,Wheel Loader,20.0,1.7,18.3
2026-09-07,Mine B,Deep West,EX-01,Hydraulic Excavator,20.0,0.9,19.1
2026-09-07,Mine B,Deep West,EX-02,Hydraulic Excavator,20.0,0.1,19.9
2026-09-07,Mine B,Deep West,DT-101,Dump Truck (60T),20.0,0.8,19.2
2026-09-07,Mine B,Deep West,DT-102,Dump Truck (60T),20.0,0.9,19.1
2026-09-07,Mine B,Deep West,DT-103,Dump Truck (60T),20.0,3.7,16.3
2026-09-07,Mine B,Deep West,DR-01,Rotary Blast Drill,20.0,1.4,18.6
2026-09-07,Mine B,Deep West,WL-01,Wheel Loader,20.0,0.5,19.5
2026-09-08,Mine A,North Block,EX-01,Hydraulic Excavator,20.0,1.0,19.0
2026-09-08,Mine A,North Block,EX-02,Hydraulic Excavator,20.0,0.1,19.9
2026-09-08,Mine A,North Block,DT-101,Dump Truck (60T),20.0,5.0,15.0
2026-09-08,Mine A,North Block,DT-102,Dump Truck (60T),20.0,0.6,19.4
2026-09-08,Mine A,North Block,DT-103,Dump Truck (60T),20.0,0.9,19.1
2026-09-08,Mine A,North Block,DR-01,Rotary Blast Drill,20.0,0.6,19.4
2026-09-08,Mine A,North Block,WL-01,Wheel Loader,20.0,1.6,18.4
2026-09-08,Mine A,South Pit,EX-01,Hydraulic Excavator,20.0,1.5,18.5
2026-09-08,Mine A,South Pit,EX-02,Hydraulic Excavator,20.0,1.8,18.2
2026-09-08,Mine A,South Pit,DT-101,Dump Truck (60T),20.0,0.4,19.6
2026-09-08,Mine A,South Pit,DT-102,Dump Truck (60T),20.0,0.5,19.5
2026-09-08,Mine A,South Pit,DT-103,Dump Truck (60T),20.0,0.2,19.8
2026-09-08,Mine A,South Pit,DR-01,Rotary Blast Drill,20.0,1.5,18.5
2026-09-08,Mine A,South Pit,WL-01,Wheel Loader,20.0,0.1,19.9
2026-09-08,Mine B,East Ridge,EX-01,Hydraulic Excavator,20.0,1.3,18.7
2026-09-08,Mine B,East Ridge,EX-02,Hydraulic Excavator,20.0,2.9,17.1
2026-09-08,Mine B,East Ridge,DT-101,Dump Truck (60T),20.0,3.1,16.9
2026-09-08,Mine B,East Ridge,DT-102,Dump Truck (60T),20.0,0.8,19.2
2026-09-08,Mine B,East Ridge,DT-103,Dump Truck (60T),20.0,0.9,19.1
2026-09-08,Mine B,East Ridge,DR-01,Rotary Blast Drill,20.0,0.1,19.9
2026-09-08,Mine B,East Ridge,WL-01,Wheel Loader,20.0,1.6,18.4
2026-09-08,Mine B,Deep West,EX-01,Hydraulic Excavator,20.0,2.4,17.6
2026-09-08,Mine B,Deep West,EX-02,Hydraulic Excavator,20.0,0.4,19.6
2026-09-08,Mine B,Deep West,DT-101,Dump Truck (60T),20.0,0.8,19.2
2026-09-08,Mine B,Deep West,DT-102,Dump Truck (60T),20.0,2.6,17.4
2026-09-08,Mine B,Deep West,DT-103,Dump Truck (60T),20.0,2.9,17.1
2026-09-08,Mine B,Deep West,DR-01,Rotary Blast Drill,20.0,0.4,19.6
2026-09-08,Mine B,Deep West,WL-01,Wheel Loader,20.0,1.1,18.9
2026-09-09,Mine A,North Block,EX-01,Hydraulic Excavator,20.0,0.3,19.7
2026-09-09,Mine A,North Block,EX-02,Hydraulic Excavator,20.0,0.2,19.8
2026-09-09,Mine A,North Block,DT-101,Dump Truck (60T),20.0,3.4,16.6
2026-09-09,Mine A,North Block,DT-102,Dump Truck (60T),20.0,2.4,17.6
2026-09-09,Mine A,North Block,DT-103,Dump Truck (60T),20.0,2.0,18.0
2026-09-09,Mine A,North Block,DR-01,Rotary Blast Drill,20.0,0.1,19.9
2026-09-09,Mine A,North Block,WL-01,Wheel Loader,20.0,2.6,17.4
2026-09-09,Mine A,South Pit,EX-01,Hydraulic Excavator,20.0,0.8,19.2
2026-09-09,Mine A,South Pit,EX-02,Hydraulic Excavator,20.0,0.6,19.4
2026-09-09,Mine A,South Pit,DT-101,Dump Truck (60T),20.0,1.1,18.9
2026-09-09,Mine A,South Pit,DT-102,Dump Truck (60T),20.0,0.1,19.9
2026-09-09,Mine A,South Pit,DT-103,Dump Truck (60T),20.0,2.0,18.0
2026-09-09,Mine A,South Pit,DR-01,Rotary Blast Drill,20.0,1.2,18.8
2026-09-09,Mine A,South Pit,WL-01,Wheel Loader,20.0,0.3,19.7
2026-09-09,Mine B,East Ridge,EX-01,Hydraulic Excavator,20.0,0.3,19.7
2026-09-09,Mine B,East Ridge,EX-02,Hydraulic Excavator,20.0,0.3,19.7
2026-09-09,Mine B,East Ridge,DT-101,Dump Truck (60T),20.0,0.1,19.9
2026-09-09,Mine B,East Ridge,DT-102,Dump Truck (60T),20.0,1.2,18.8
2026-09-09,Mine B,East Ridge,DT-103,Dump Truck (60T),20.0,2.6,17.4
2026-09-09,Mine B,East Ridge,DR-01,Rotary Blast Drill,20.0,0.0,20.0
2026-09-09,Mine B,East Ridge,WL-01,Wheel Loader,20.0,0.1,19.9
2026-09-09,Mine B,Deep West,EX-01,Hydraulic Excavator,20.0,1.2,18.8
2026-09-09,Mine B,Deep West,EX-02,Hydraulic Excavator,20.0,2.4,17.6
2026-09-09,Mine B,Deep West,DT-101,Dump Truck (60T),20.0,0.6,19.4
2026-09-09,Mine B,Deep West,DT-102,Dump Truck (60T),20.0,0.6,19.4
2026-09-09,Mine B,Deep West,DT-103,Dump Truck (60T),20.0,1.3,18.7
2026-09-09,Mine B,Deep West,DR-01,Rotary Blast Drill,20.0,0.4,19.6
2026-09-09,Mine B,Deep West,WL-01,Wheel Loader,20.0,0.0,20.0
2026-09-10,Mine A,North Block,EX-01,Hydraulic Excavator,20.0,1.9,18.1
2026-09-10,Mine A,North Block,EX-02,Hydraulic Excavator,20.0,1.4,18.6
2026-09-10,Mine A,North Block,DT-101,Dump Truck (60T),20.0,1.2,18.8
2026-09-10,Mine A,North Block,DT-102,Dump Truck (60T),20.0,1.9,18.1
2026-09-10,Mine A,North Block,DT-103,Dump Truck (60T),20.0,1.6,18.4
2026-09-10,Mine A,North Block,DR-01,Rotary Blast Drill,20.0,0.3,19.7
2026-09-10,Mine A,North Block,WL-01,Wheel Loader,20.0,0.6,19.4
2026-09-10,Mine A,South Pit,EX-01,Hydraulic Excavator,20.0,0.2,19.8
2026-09-10,Mine A,South Pit,EX-02,Hydraulic Excavator,20.0,0.2,19.8
2026-09-10,Mine A,South Pit,DT-101,Dump Truck (60T),20.0,1.6,18.4
2026-09-10,Mine A,South Pit,DT-102,Dump Truck (60T),20.0,2.7,17.3
2026-09-10,Mine A,South Pit,DT-103,Dump Truck (60T),20.0,4.6,15.4
2026-09-10,Mine A,South Pit,DR-01,Rotary Blast Drill,20.0,1.4,18.6
2026-09-10,Mine A,South Pit,WL-01,Wheel Loader,20.0,0.3,19.7
2026-09-10,Mine B,East Ridge,EX-01,Hydraulic Excavator,20.0,0.2,19.8
2026-09-10,Mine B,East Ridge,EX-02,Hydraulic Excavator,20.0,2.3,17.7
2026-09-10,Mine B,East Ridge,DT-101,Dump Truck (60T),20.0,1.2,18.8
2026-09-10,Mine B,East Ridge,DT-102,Dump Truck (60T),20.0,1.3,18.7
2026-09-10,Mine B,East Ridge,DT-103,Dump Truck (60T),20.0,2.1,17.9
2026-09-10,Mine B,East Ridge,DR-01,Rotary Blast Drill,20.0,1.7,18.3
2026-09-10,Mine B,East Ridge,WL-01,Wheel Loader,20.0,2.5,17.5
2026-09-10,Mine B,Deep West,EX-01,Hydraulic Excavator,20.0,0.1,19.9
2026-09-10,Mine B,Deep West,EX-02,Hydraulic Excavator,20.0,1.9,18.1
2026-09-10,Mine B,Deep West,DT-101,Dump Truck (60T),20.0,2.7,17.3
2026-09-10,Mine B,Deep West,DT-102,Dump Truck (60T),20.0,0.5,19.5
2026-09-10,Mine B,Deep West,DT-103,Dump Truck (60T),20.0,1.4,18.6
2026-09-10,Mine B,Deep West,DR-01,Rotary Blast Drill,20.0,0.5,19.5
2026-09-10,Mine B,Deep West,WL-01,Wheel Loader,20.0,4.4,15.6
2026-09-11,Mine A,North Block,EX-01,Hydraulic Excavator,20.0,0.0,20.0
2026-09-11,Mine A,North Block,EX-02,Hydraulic Excavator,20.0,1.2,18.8
2026-09-11,Mine A,North Block,DT-101,Dump Truck (60T),20.0,0.3,19.7
2026-09-11,Mine A,North Block,DT-102,Dump Truck (60T),20.0,1.7,18.3
2026-09-11,Mine A,North Block,DT-103,Dump Truck (60T),20.0,0.3,19.7
2026-09-11,Mine A,North Block,DR-01,Rotary Blast Drill,20.0,0.4,19.6
2026-09-11,Mine A,North Block,WL-01,Wheel Loader,20.0,1.0,19.0
2026-09-11,Mine A,South Pit,EX-01,Hydraulic Excavator,20.0,3.4,16.6
2026-09-11,Mine A,South Pit,EX-02,Hydraulic Excavator,20.0,0.3,19.7
2026-09-11,Mine A,South Pit,DT-101,Dump Truck (60T),20.0,0.2,19.8
2026-09-11,Mine A,South Pit,DT-102,Dump Truck (60T),20.0,2.0,18.0
2026-09-11,Mine A,South Pit,DT-103,Dump Truck (60T),20.0,1.0,19.0
2026-09-11,Mine A,South Pit,DR-01,Rotary Blast Drill,20.0,3.4,16.6
2026-09-11,Mine A,South Pit,WL-01,Wheel Loader,20.0,0.2,19.8
2026-09-11,Mine B,East Ridge,EX-01,Hydraulic Excavator,20.0,1.5,18.5
2026-09-11,Mine B,East Ridge,EX-02,Hydraulic Excavator,20.0,0.4,19.6
2026-09-11,Mine B,East Ridge,DT-101,Dump Truck (60T),20.0,0.2,19.8
2026-09-11,Mine B,East Ridge,DT-102,Dump Truck (60T),20.0,1.6,18.4
2026-09-11,Mine B,East Ridge,DT-103,Dump Truck (60T),20.0,1.3,18.7
2026-09-11,Mine B,East Ridge,DR-01,Rotary Blast Drill,20.0,2.0,18.0
2026-09-11,Mine B,East Ridge,WL-01,Wheel Loader,20.0,0.5,19.5
2026-09-11,Mine B,Deep West,EX-01,Hydraulic Excavator,20.0,0.8,19.2
2026-09-11,Mine B,Deep West,EX-02,Hydraulic Excavator,20.0,0.7,19.3
2026-09-11,Mine B,Deep West,DT-101,Dump Truck (60T),20.0,5.8,14.2
2026-09-11,Mine B,Deep West,DT-102,Dump Truck (60T),20.0,0.5,19.5
2026-09-11,Mine B,Deep West,DT-103,Dump Truck (60T),20.0,0.5,19.5
2026-09-11,Mine B,Deep West,DR-01,Rotary Blast Drill,20.0,0.6,19.4
2026-09-11,Mine B,Deep West,WL-01,Wheel Loader,20.0,1.2,18.8
2026-09-12,Mine A,North Block,EX-01,Hydraulic Excavator,20.0,0.4,19.6
2026-09-12,Mine A,North Block,EX-02,Hydraulic Excavator,20.0,3.5,16.5
2026-09-12,Mine A,North Block,DT-101,Dump Truck (60T),20.0,0.4,19.6
2026-09-12,Mine A,North Block,DT-102,Dump Truck (60T),20.0,3.2,16.8
2026-09-12,Mine A,North Block,DT-103,Dump Truck (60T),20.0,0.2,19.8
2026-09-12,Mine A,North Block,DR-01,Rotary Blast Drill,20.0,1.5,18.5
2026-09-12,Mine A,North Block,WL-01,Wheel Loader,20.0,3.3,16.7
2026-09-12,Mine A,South Pit,EX-01,Hydraulic Excavator,20.0,0.3,19.7
2026-09-12,Mine A,South Pit,EX-02,Hydraulic Excavator,20.0,4.8,15.2
2026-09-12,Mine A,South Pit,DT-101,Dump Truck (60T),20.0,0.8,19.2
2026-09-12,Mine A,South Pit,DT-102,Dump Truck (60T),20.0,4.1,15.9
2026-09-12,Mine A,South Pit,DT-103,Dump Truck (60T),20.0,1.6,18.4
2026-09-12,Mine A,South Pit,DR-01,Rotary Blast Drill,20.0,0.5,19.5
2026-09-12,Mine A,South Pit,WL-01,Wheel Loader,20.0,0.3,19.7
2026-09-12,Mine B,East Ridge,EX-01,Hydraulic Excavator,20.0,0.5,19.5
2026-09-12,Mine B,East Ridge,EX-02,Hydraulic Excavator,20.0,0.1,19.9
2026-09-12,Mine B,East Ridge,DT-101,Dump Truck (60T),20.0,0.2,19.8
2026-09-12,Mine B,East Ridge,DT-102,Dump Truck (60T),20.0,0.2,19.8
2026-09-12,Mine B,East Ridge,DT-103,Dump Truck (60T),20.0,0.8,19.2
2026-09-12,Mine B,East Ridge,DR-01,Rotary Blast Drill,20.0,2.2,17.8
2026-09-12,Mine B,East Ridge,WL-01,Wheel Loader,20.0,0.2,19.8
2026-09-12,Mine B,Deep West,EX-01,Hydraulic Excavator,20.0,0.2,19.8
2026-09-12,Mine B,Deep West,EX-02,Hydraulic Excavator,20.0,1.4,18.6
2026-09-12,Mine B,Deep West,DT-101,Dump Truck (60T),20.0,0.3,19.7
2026-09-12,Mine B,Deep West,DT-102,Dump Truck (60T),20.0,0.1,19.9
2026-09-12,Mine B,Deep West,DT-103,Dump Truck (60T),20.0,0.3,19.7
2026-09-12,Mine B,Deep West,DR-01,Rotary Blast Drill,20.0,3.6,16.4
2026-09-12,Mine B,Deep West,WL-01,Wheel Loader,20.0,2.4,17.6
2026-09-13,Mine A,North Block,EX-01,Hydraulic Excavator,20.0,0.6,19.4
2026-09-13,Mine A,North Block,EX-02,Hydraulic Excavator,20.0,1.5,18.5
2026-09-13,Mine A,North Block,DT-101,Dump Truck (60T),20.0,1.1,18.9
2026-09-13,Mine A,North Block,DT-102,Dump Truck (60T),20.0,1.6,18.4
2026-09-13,Mine A,North Block,DT-103,Dump Truck (60T),20.0,1.6,18.4
2026-09-13,Mine A,North Block,DR-01,Rotary Blast Drill,20.0,1.4,18.6
2026-09-13,Mine A,North Block,WL-01,Wheel Loader,20.0,0.4,19.6
2026-09-13,Mine A,South Pit,EX-01,Hydraulic Excavator,20.0,0.1,19.9
2026-09-13,Mine A,South Pit,EX-02,Hydraulic Excavator,20.0,0.9,19.1
2026-09-13,Mine A,South Pit,DT-101,Dump Truck (60T),20.0,3.1,16.9
2026-09-13,Mine A,South Pit,DT-102,Dump Truck (60T),20.0,1.2,18.8
2026-09-13,Mine A,South Pit,DT-103,Dump Truck (60T),20.0,2.5,17.5
2026-09-13,Mine A,South Pit,DR-01,Rotary Blast Drill,20.0,6.7,13.3
2026-09-13,Mine A,South Pit,WL-01,Wheel Loader,20.0,0.3,19.7
2026-09-13,Mine B,East Ridge,EX-01,Hydraulic Excavator,20.0,1.6,18.4
2026-09-13,Mine B,East Ridge,EX-02,Hydraulic Excavator,20.0,1.6,18.4
2026-09-13,Mine B,East Ridge,DT-101,Dump Truck (60T),20.0,5.5,14.5
2026-09-13,Mine B,East Ridge,DT-102,Dump Truck (60T),20.0,5.9,14.1
2026-09-13,Mine B,East Ridge,DT-103,Dump Truck (60T),20.0,1.6,18.4
2026-09-13,Mine B,East Ridge,DR-01,Rotary Blast Drill,20.0,0.4,19.6
2026-09-13,Mine B,East Ridge,WL-01,Wheel Loader,20.0,2.2,17.8
2026-09-13,Mine B,Deep West,EX-01,Hydraulic Excavator,20.0,0.2,19.8
2026-09-13,Mine B,Deep West,EX-02,Hydraulic Excavator,20.0,2.1,17.9
2026-09-13,Mine B,Deep West,DT-101,Dump Truck (60T),20.0,3.4,16.6
2026-09-13,Mine B,Deep West,DT-102,Dump Truck (60T),20.0,0.7,19.3
2026-09-13,Mine B,Deep West,DT-103,Dump Truck (60T),20.0,1.4,18.6
2026-09-13,Mine B,Deep West,DR-01,Rotary Blast Drill,20.0,0.8,19.2
2026-09-13,Mine B,Deep West,WL-01,Wheel Loader,20.0,0.8,19.2
2026-09-14,Mine A,North Block,EX-01,Hydraulic Excavator,20.0,0.5,19.5
2026-09-14,Mine A,North Block,EX-02,Hydraulic Excavator,20.0,2.0,18.0
2026-09-14,Mine A,North Block,DT-101,Dump Truck (60T),20.0,3.9,16.1
2026-09-14,Mine A,North Block,DT-102,Dump Truck (60T),20.0,4.0,16.0
2026-09-14,Mine A,North Block,DT-103,Dump Truck (60T),20.0,0.3,19.7
2026-09-14,Mine A,North Block,DR-01,Rotary Blast Drill,20.0,2.9,17.1
2026-09-14,Mine A,North Block,WL-01,Wheel Loader,20.0,1.9,18.1
2026-09-14,Mine A,South Pit,EX-01,Hydraulic Excavator,20.0,0.4,19.6
2026-09-14,Mine A,South Pit,EX-02,Hydraulic Excavator,20.0,0.1,19.9
2026-09-14,Mine A,South Pit,DT-101,Dump Truck (60T),20.0,0.4,19.6
2026-09-14,Mine A,South Pit,DT-102,Dump Truck (60T),20.0,3.4,16.6
2026-09-14,Mine A,South Pit,DT-103,Dump Truck (60T),20.0,1.4,18.6
2026-09-14,Mine A,South Pit,DR-01,Rotary Blast Drill,20.0,1.8,18.2
2026-09-14,Mine A,South Pit,WL-01,Wheel Loader,20.0,0.4,19.6
2026-09-14,Mine B,East Ridge,EX-01,Hydraulic Excavator,20.0,1.8,18.2
2026-09-14,Mine B,East Ridge,EX-02,Hydraulic Excavator,20.0,0.0,20.0
2026-09-14,Mine B,East Ridge,DT-101,Dump Truck (60T),20.0,0.7,19.3
2026-09-14,Mine B,East Ridge,DT-102,Dump Truck (60T),20.0,1.4,18.6
2026-09-14,Mine B,East Ridge,DT-103,Dump Truck (60T),20.0,0.2,19.8
2026-09-14,Mine B,East Ridge,DR-01,Rotary Blast Drill,20.0,2.4,17.6
2026-09-14,Mine B,East Ridge,WL-01,Wheel Loader,20.0,0.4,19.6
2026-09-14,Mine B,Deep West,EX-01,Hydraulic Excavator,20.0,1.5,18.5
2026-09-14,Mine B,Deep West,EX-02,Hydraulic Excavator,20.0,0.7,19.3
2026-09-14,Mine B,Deep West,DT-101,Dump Truck (60T),20.0,1.3,18.7
2026-09-14,Mine B,Deep West,DT-102,Dump Truck (60T),20.0,0.2,19.8
2026-09-14,Mine B,Deep West,DT-103,Dump Truck (60T),20.0,0.0,20.0
2026-09-14,Mine B,Deep West,DR-01,Rotary Blast Drill,20.0,3.4,16.6
2026-09-14,Mine B,Deep West,WL-01,Wheel Loader,20.0,0.4,19.6
2026-09-15,Mine A,North Block,EX-01,Hydraulic Excavator,20.0,2.4,17.6
2026-09-15,Mine A,North Block,EX-02,Hydraulic Excavator,20.0,8.0,12.0
2026-09-15,Mine A,North Block,DT-101,Dump Truck (60T),20.0,0.3,19.7
2026-09-15,Mine A,North Block,DT-102,Dump Truck (60T),20.0,0.4,19.6
2026-09-15,Mine A,North Block,DT-103,Dump Truck (60T),20.0,1.5,18.5
2026-09-15,Mine A,North Block,DR-01,Rotary Blast Drill,20.0,4.7,15.3
2026-09-15,Mine A,North Block,WL-01,Wheel Loader,20.0,3.5,16.5
2026-09-15,Mine A,South Pit,EX-01,Hydraulic Excavator,20.0,1.0,19.0
2026-09-15,Mine A,South Pit,EX-02,Hydraulic Excavator,20.0,2.2,17.8
2026-09-15,Mine A,South Pit,DT-101,Dump Truck (60T),20.0,0.2,19.8
2026-09-15,Mine A,South Pit,DT-102,Dump Truck (60T),20.0,5.3,14.7
2026-09-15,Mine A,South Pit,DT-103,Dump Truck (60T),20.0,4.7,15.3
2026-09-15,Mine A,South Pit,DR-01,Rotary Blast Drill,20.0,0.3,19.7
2026-09-15,Mine A,South Pit,WL-01,Wheel Loader,20.0,0.5,19.5
2026-09-15,Mine B,East Ridge,EX-01,Hydraulic Excavator,20.0,0.1,19.9
2026-09-15,Mine B,East Ridge,EX-02,Hydraulic Excavator,20.0,0.4,19.6
2026-09-15,Mine B,East Ridge,DT-101,Dump Truck (60T),20.0,2.4,17.6
2026-09-15,Mine B,East Ridge,DT-102,Dump Truck (60T),20.0,0.7,19.3
2026-09-15,Mine B,East Ridge,DT-103,Dump Truck (60T),20.0,0.1,19.9
2026-09-15,Mine B,East Ridge,DR-01,Rotary Blast Drill,20.0,0.6,19.4
2026-09-15,Mine B,East Ridge,WL-01,Wheel Loader,20.0,5.6,14.4
2026-09-15,Mine B,Deep West,EX-01,Hydraulic Excavator,20.0,1.4,18.6
2026-09-15,Mine B,Deep West,EX-02,Hydraulic Excavator,20.0,0.8,19.2
2026-09-15,Mine B,Deep West,DT-101,Dump Truck (60T),20.0,0.3,19.7
2026-09-15,Mine B,Deep West,DT-102,Dump Truck (60T),20.0,6.0,14.0
2026-09-15,Mine B,Deep West,DT-103,Dump Truck (60T),20.0,2.4,17.6
2026-09-15,Mine B,Deep West,DR-01,Rotary Blast Drill,20.0,0.5,19.5
2026-09-15,Mine B,Deep West,WL-01,Wheel Loader,20.0,0.1,19.9
2026-09-16,Mine A,North Block,EX-01,Hydraulic Excavator,20.0,0.1,19.9
2026-09-16,Mine A,North Block,EX-02,Hydraulic Excavator,20.0,0.2,19.8
2026-09-16,Mine A,North Block,DT-101,Dump Truck (60T),20.0,1.2,18.8
2026-09-16,Mine A,North Block,DT-102,Dump Truck (60T),20.0,3.7,16.3
2026-09-16,Mine A,North Block,DT-103,Dump Truck (60T),20.0,1.0,19.0
2026-09-16,Mine A,North Block,DR-01,Rotary Blast Drill,20.0,2.6,17.4
2026-09-16,Mine A,North Block,WL-01,Wheel Loader,20.0,0.8,19.2
2026-09-16,Mine A,South Pit,EX-01,Hydraulic Excavator,20.0,1.7,18.3
2026-09-16,Mine A,South Pit,EX-02,Hydraulic Excavator,20.0,1.8,18.2
2026-09-16,Mine A,South Pit,DT-101,Dump Truck (60T),20.0,0.3,19.7
2026-09-16,Mine A,South Pit,DT-102,Dump Truck (60T),20.0,0.6,19.4
2026-09-16,Mine A,South Pit,DT-103,Dump Truck (60T),20.0,1.4,18.6
2026-09-16,Mine A,South Pit,DR-01,Rotary Blast Drill,20.0,0.1,19.9
2026-09-16,Mine A,South Pit,WL-01,Wheel Loader,20.0,0.6,19.4
2026-09-16,Mine B,East Ridge,EX-01,Hydraulic Excavator,20.0,1.1,18.9
2026-09-16,Mine B,East Ridge,EX-02,Hydraulic Excavator,20.0,7.8,12.2
2026-09-16,Mine B,East Ridge,DT-101,Dump Truck (60T),20.0,0.9,19.1
2026-09-16,Mine B,East Ridge,DT-102,Dump Truck (60T),20.0,2.4,17.6
2026-09-16,Mine B,East Ridge,DT-103,Dump Truck (60T),20.0,0.8,19.2
2026-09-16,Mine B,East Ridge,DR-01,Rotary Blast Drill,20.0,2.2,17.8
2026-09-16,Mine B,East Ridge,WL-01,Wheel Loader,20.0,1.3,18.7
2026-09-16,Mine B,Deep West,EX-01,Hydraulic Excavator,20.0,3.0,17.0
2026-09-16,Mine B,Deep West,EX-02,Hydraulic Excavator,20.0,0.7,19.3
2026-09-16,Mine B,Deep West,DT-101,Dump Truck (60T),20.0,1.3,18.7
2026-09-16,Mine B,Deep West,DT-102,Dump Truck (60T),20.0,1.4,18.6
2026-09-16,Mine B,Deep West,DT-103,Dump Truck (60T),20.0,0.8,19.2
2026-09-16,Mine B,Deep West,DR-01,Rotary Blast Drill,20.0,0.2,19.8
2026-09-16,Mine B,Deep West,WL-01,Wheel Loader,20.0,0.1,19.9
2026-09-17,Mine A,North Block,EX-01,Hydraulic Excavator,20.0,0.0,20.0
2026-09-17,Mine A,North Block,EX-02,Hydraulic Excavator,20.0,2.9,17.1
2026-09-17,Mine A,North Block,DT-101,Dump Truck (60T),20.0,0.4,19.6
2026-09-17,Mine A,North Block,DT-102,Dump Truck (60T),20.0,0.3,19.7
2026-09-17,Mine A,North Block,DT-103,Dump Truck (60T),20.0,1.9,18.1
2026-09-17,Mine A,North Block,DR-01,Rotary Blast Drill,20.0,0.5,19.5
2026-09-17,Mine A,North Block,WL-01,Wheel Loader,20.0,1.0,19.0
2026-09-17,Mine A,South Pit,EX-01,Hydraulic Excavator,20.0,0.2,19.8
2026-09-17,Mine A,South Pit,EX-02,Hydraulic Excavator,20.0,4.5,15.5
2026-09-17,Mine A,South Pit,DT-101,Dump Truck (60T),20.0,2.7,17.3
2026-09-17,Mine A,South Pit,DT-102,Dump Truck (60T),20.0,2.8,17.2
2026-09-17,Mine A,South Pit,DT-103,Dump Truck (60T),20.0,0.7,19.3
2026-09-17,Mine A,South Pit,DR-01,Rotary Blast Drill,20.0,2.0,18.0
2026-09-17,Mine A,South Pit,WL-01,Wheel Loader,20.0,0.2,19.8
2026-09-17,Mine B,East Ridge,EX-01,Hydraulic Excavator,20.0,0.0,20.0
2026-09-17,Mine B,East Ridge,EX-02,Hydraulic Excavator,20.0,0.0,20.0
2026-09-17,Mine B,East Ridge,DT-101,Dump Truck (60T),20.0,1.2,18.8
2026-09-17,Mine B,East Ridge,DT-102,Dump Truck (60T),20.0,0.9,19.1
2026-09-17,Mine B,East Ridge,DT-103,Dump Truck (60T),20.0,1.0,19.0
2026-09-17,Mine B,East Ridge,DR-01,Rotary Blast Drill,20.0,0.0,20.0
2026-09-17,Mine B,East Ridge,WL-01,Wheel Loader,20.0,0.8,19.2
2026-09-17,Mine B,Deep West,EX-01,Hydraulic Excavator,20.0,1.8,18.2
2026-09-17,Mine B,Deep West,EX-02,Hydraulic Excavator,20.0,0.8,19.2
2026-09-17,Mine B,Deep West,DT-101,Dump Truck (60T),20.0,1.8,18.2
2026-09-17,Mine B,Deep West,DT-102,Dump Truck (60T),20.0,0.4,19.6
2026-09-17,Mine B,Deep West,DT-103,Dump Truck (60T),20.0,2.3,17.7
2026-09-17,Mine B,Deep West,DR-01,Rotary Blast Drill,20.0,1.2,18.8
2026-09-17,Mine B,Deep West,WL-01,Wheel Loader,20.0,0.3,19.7
2026-09-18,Mine A,North Block,EX-01,Hydraulic Excavator,20.0,0.4,19.6
2026-09-18,Mine A,North Block,EX-02,Hydraulic Excavator,20.0,1.4,18.6
2026-09-18,Mine A,North Block,DT-101,Dump Truck (60T),20.0,2.5,17.5
2026-09-18,Mine A,North Block,DT-102,Dump Truck (60T),20.0,0.8,19.2
2026-09-18,Mine A,North Block,DT-103,Dump Truck (60T),20.0,0.4,19.6
2026-09-18,Mine A,North Block,DR-01,Rotary Blast Drill,20.0,2.8,17.2
2026-09-18,Mine A,North Block,WL-01,Wheel Loader,20.0,1.5,18.5
2026-09-18,Mine A,South Pit,EX-01,Hydraulic Excavator,20.0,0.8,19.2
2026-09-18,Mine A,South Pit,EX-02,Hydraulic Excavator,20.0,0.9,19.1
2026-09-18,Mine A,South Pit,DT-101,Dump Truck (60T),20.0,0.3,19.7
2026-09-18,Mine A,South Pit,DT-102,Dump Truck (60T),20.0,1.4,18.6
2026-09-18,Mine A,South Pit,DT-103,Dump Truck (60T),20.0,0.6,19.4
2026-09-18,Mine A,South Pit,DR-01,Rotary Blast Drill,20.0,7.6,12.4
2026-09-18,Mine A,South Pit,WL-01,Wheel Loader,20.0,0.9,19.1
2026-09-18,Mine B,East Ridge,EX-01,Hydraulic Excavator,20.0,0.9,19.1
2026-09-18,Mine B,East Ridge,EX-02,Hydraulic Excavator,20.0,1.2,18.8
2026-09-18,Mine B,East Ridge,DT-101,Dump Truck (60T),20.0,3.5,16.5
2026-09-18,Mine B,East Ridge,DT-102,Dump Truck (60T),20.0,2.3,17.7
2026-09-18,Mine B,East Ridge,DT-103,Dump Truck (60T),20.0,0.8,19.2
2026-09-18,Mine B,East Ridge,DR-01,Rotary Blast Drill,20.0,1.8,18.2
2026-09-18,Mine B,East Ridge,WL-01,Wheel Loader,20.0,1.2,18.8
2026-09-18,Mine B,Deep West,EX-01,Hydraulic Excavator,20.0,0.9,19.1
2026-09-18,Mine B,Deep West,EX-02,Hydraulic Excavator,20.0,0.3,19.7
2026-09-18,Mine B,Deep West,DT-101,Dump Truck (60T),20.0,0.9,19.1
2026-09-18,Mine B,Deep West,DT-102,Dump Truck (60T),20.0,0.4,19.6
2026-09-18,Mine B,Deep West,DT-103,Dump Truck (60T),20.0,3.4,16.6
2026-09-18,Mine B,Deep West,DR-01,Rotary Blast Drill,20.0,0.6,19.4
2026-09-18,Mine B,Deep West,WL-01,Wheel Loader,20.0,4.3,15.7
2026-09-19,Mine A,North Block,EX-01,Hydraulic Excavator,20.0,1.1,18.9
2026-09-19,Mine A,North Block,EX-02,Hydraulic Excavator,20.0,1.4,18.6
2026-09-19,Mine A,North Block,DT-101,Dump Truck (60T),20.0,1.1,18.9
2026-09-19,Mine A,North Block,DT-102,Dump Truck (60T),20.0,0.2,19.8
2026-09-19,Mine A,North Block,DT-103,Dump Truck (60T),20.0,0.7,19.3
2026-09-19,Mine A,North Block,DR-01,Rotary Blast Drill,20.0,0.1,19.9
2026-09-19,Mine A,North Block,WL-01,Wheel Loader,20.0,1.4,18.6
2026-09-19,Mine A,South Pit,EX-01,Hydraulic Excavator,20.0,0.8,19.2
2026-09-19,Mine A,South Pit,EX-02,Hydraulic Excavator,20.0,2.1,17.9
2026-09-19,Mine A,South Pit,DT-101,Dump Truck (60T),20.0,0.3,19.7
2026-09-19,Mine A,South Pit,DT-102,Dump Truck (60T),20.0,0.3,19.7
2026-09-19,Mine A,South Pit,DT-103,Dump Truck (60T),20.0,0.7,19.3
2026-09-19,Mine A,South Pit,DR-01,Rotary Blast Drill,20.0,3.7,16.3
2026-09-19,Mine A,South Pit,WL-01,Wheel Loader,20.0,1.7,18.3
2026-09-19,Mine B,East Ridge,EX-01,Hydraulic Excavator,20.0,0.8,19.2
2026-09-19,Mine B,East Ridge,EX-02,Hydraulic Excavator,20.0,1.0,19.0
2026-09-19,Mine B,East Ridge,DT-101,Dump Truck (60T),20.0,0.1,19.9
2026-09-19,Mine B,East Ridge,DT-102,Dump Truck (60T),20.0,5.8,14.2
2026-09-19,Mine B,East Ridge,DT-103,Dump Truck (60T),20.0,1.5,18.5
2026-09-19,Mine B,East Ridge,DR-01,Rotary Blast Drill,20.0,0.5,19.5
2026-09-19,Mine B,East Ridge,WL-01,Wheel Loader,20.0,1.2,18.8
2026-09-19,Mine B,Deep West,EX-01,Hydraulic Excavator,20.0,0.2,19.8
2026-09-19,Mine B,Deep West,EX-02,Hydraulic Excavator,20.0,4.7,15.3
2026-09-19,Mine B,Deep West,DT-101,Dump Truck (60T),20.0,0.3,19.7
2026-09-19,Mine B,Deep West,DT-102,Dump Truck (60T),20.0,1.5,18.5
2026-09-19,Mine B,Deep West,DT-103,Dump Truck (60T),20.0,0.4,19.6
2026-09-19,Mine B,Deep West,DR-01,Rotary Blast Drill,20.0,1.8,18.2
2026-09-19,Mine B,Deep West,WL-01,Wheel Loader,20.0,2.1,17.9
2026-09-20,Mine A,North Block,EX-01,Hydraulic Excavator,20.0,1.6,18.4
2026-09-20,Mine A,North Block,EX-02,Hydraulic Excavator,20.0,1.3,18.7
2026-09-20,Mine A,North Block,DT-101,Dump Truck (60T),20.0,3.1,16.9
2026-09-20,Mine A,North Block,DT-102,Dump Truck (60T),20.0,0.1,19.9
2026-09-20,Mine A,North Block,DT-103,Dump Truck (60T),20.0,0.6,19.4
2026-09-20,Mine A,North Block,DR-01,Rotary Blast Drill,20.0,0.4,19.6
2026-09-20,Mine A,North Block,WL-01,Wheel Loader,20.0,6.2,13.8
2026-09-20,Mine A,South Pit,EX-01,Hydraulic Excavator,20.0,0.7,19.3
2026-09-20,Mine A,South Pit,EX-02,Hydraulic Excavator,20.0,1.8,18.2
2026-09-20,Mine A,South Pit,DT-101,Dump Truck (60T),20.0,1.6,18.4
2026-09-20,Mine A,South Pit,DT-102,Dump Truck (60T),20.0,0.3,19.7
2026-09-20,Mine A,South Pit,DT-103,Dump Truck (60T),20.0,0.4,19.6
2026-09-20,Mine A,South Pit,DR-01,Rotary Blast Drill,20.0,0.5,19.5
2026-09-20,Mine A,South Pit,WL-01,Wheel Loader,20.0,0.7,19.3
2026-09-20,Mine B,East Ridge,EX-01,Hydraulic Excavator,20.0,0.4,19.6
2026-09-20,Mine B,East Ridge,EX-02,Hydraulic Excavator,20.0,0.0,20.0
2026-09-20,Mine B,East Ridge,DT-101,Dump Truck (60T),20.0,3.0,17.0
2026-09-20,Mine B,East Ridge,DT-102,Dump Truck (60T),20.0,4.7,15.3
2026-09-20,Mine B,East Ridge,DT-103,Dump Truck (60T),20.0,0.6,19.4
2026-09-20,Mine B,East Ridge,DR-01,Rotary Blast Drill,20.0,0.6,19.4
2026-09-20,Mine B,East Ridge,WL-01,Wheel Loader,20.0,0.0,20.0
2026-09-20,Mine B,Deep West,EX-01,Hydraulic Excavator,20.0,1.6,18.4
2026-09-20,Mine B,Deep West,EX-02,Hydraulic Excavator,20.0,2.4,17.6
2026-09-20,Mine B,Deep West,DT-101,Dump Truck (60T),20.0,0.2,19.8
2026-09-20,Mine B,Deep West,DT-102,Dump Truck (60T),20.0,0.2,19.8
2026-09-20,Mine B,Deep West,DT-103,Dump Truck (60T),20.0,2.2,17.8
2026-09-20,Mine B,Deep West,DR-01,Rotary Blast Drill,20.0,1.3,18.7
2026-09-20,Mine B,Deep West,WL-01,Wheel Loader,20.0,0.1,19.9
2026-09-21,Mine A,North Block,EX-01,Hydraulic Excavator,20.0,1.4,18.6
2026-09-21,Mine A,North Block,EX-02,Hydraulic Excavator,20.0,0.5,19.5
2026-09-21,Mine A,North Block,DT-101,Dump Truck (60T),20.0,0.6,19.4
2026-09-21,Mine A,North Block,DT-102,Dump Truck (60T),20.0,2.1,17.9
2026-09-21,Mine A,North Block,DT-103,Dump Truck (60T),20.0,2.3,17.7
2026-09-21,Mine A,North Block,DR-01,Rotary Blast Drill,20.0,0.7,19.3
2026-09-21,Mine A,North Block,WL-01,Wheel Loader,20.0,4.1,15.9
2026-09-21,Mine A,South Pit,EX-01,Hydraulic Excavator,20.0,0.7,19.3
2026-09-21,Mine A,South Pit,EX-02,Hydraulic Excavator,20.0,2.1,17.9
2026-09-21,Mine A,South Pit,DT-101,Dump Truck (60T),20.0,0.9,19.1
2026-09-21,Mine A,South Pit,DT-102,Dump Truck (60T),20.0,3.2,16.8
2026-09-21,Mine A,South Pit,DT-103,Dump Truck (60T),20.0,3.3,16.7
2026-09-21,Mine A,South Pit,DR-01,Rotary Blast Drill,20.0,0.1,19.9
2026-09-21,Mine A,South Pit,WL-01,Wheel Loader,20.0,3.9,16.1
2026-09-21,Mine B,East Ridge,EX-01,Hydraulic Excavator,20.0,2.4,17.6
2026-09-21,Mine B,East Ridge,EX-02,Hydraulic Excavator,20.0,2.2,17.8
2026-09-21,Mine B,East Ridge,DT-101,Dump Truck (60T),20.0,0.3,19.7
2026-09-21,Mine B,East Ridge,DT-102,Dump Truck (60T),20.0,2.3,17.7
2026-09-21,Mine B,East Ridge,DT-103,Dump Truck (60T),20.0,2.7,17.3
2026-09-21,Mine B,East Ridge,DR-01,Rotary Blast Drill,20.0,0.5,19.5
2026-09-21,Mine B,East Ridge,WL-01,Wheel Loader,20.0,4.3,15.7
2026-09-21,Mine B,Deep West,EX-01,Hydraulic Excavator,20.0,0.1,19.9
2026-09-21,Mine B,Deep West,EX-02,Hydraulic Excavator,20.0,0.2,19.8
2026-09-21,Mine B,Deep West,DT-101,Dump Truck (60T),20.0,1.1,18.9
2026-09-21,Mine B,Deep West,DT-102,Dump Truck (60T),20.0,1.2,18.8
2026-09-21,Mine B,Deep West,DT-103,Dump Truck (60T),20.0,1.5,18.5
2026-09-21,Mine B,Deep West,DR-01,Rotary Blast Drill,20.0,0.0,20.0
2026-09-21,Mine B,Deep West,WL-01,Wheel Loader,20.0,4.5,15.5
2026-09-22,Mine A,North Block,EX-01,Hydraulic Excavator,20.0,7.7,12.3
2026-09-22,Mine A,North Block,EX-02,Hydraulic Excavator,20.0,4.4,15.6
2026-09-22,Mine A,North Block,DT-101,Dump Truck (60T),20.0,4.0,16.0
2026-09-22,Mine A,North Block,DT-102,Dump Truck (60T),20.0,9.5,10.5
2026-09-22,Mine A,North Block,DT-103,Dump Truck (60T),20.0,6.3,13.7
2026-09-22,Mine A,North Block,DR-01,Rotary Blast Drill,20.0,5.7,14.3
2026-09-22,Mine A,North Block,WL-01,Wheel Loader,20.0,6.1,13.9
2026-09-22,Mine A,South Pit,EX-01,Hydraulic Excavator,20.0,0.0,20.0
2026-09-22,Mine A,South Pit,EX-02,Hydraulic Excavator,20.0,1.1,18.9
2026-09-22,Mine A,South Pit,DT-101,Dump Truck (60T),20.0,0.9,19.1
2026-09-22,Mine A,South Pit,DT-102,Dump Truck (60T),20.0,1.0,19.0
2026-09-22,Mine A,South Pit,DT-103,Dump Truck (60T),20.0,0.1,19.9
2026-09-22,Mine A,South Pit,DR-01,Rotary Blast Drill,20.0,1.6,18.4
2026-09-22,Mine A,South Pit,WL-01,Wheel Loader,20.0,1.0,19.0
2026-09-22,Mine B,East Ridge,EX-01,Hydraulic Excavator,20.0,2.0,18.0
2026-09-22,Mine B,East Ridge,EX-02,Hydraulic Excavator,20.0,0.9,19.1
2026-09-22,Mine B,East Ridge,DT-101,Dump Truck (60T),20.0,0.2,19.8
2026-09-22,Mine B,East Ridge,DT-102,Dump Truck (60T),20.0,1.5,18.5
2026-09-22,Mine B,East Ridge,DT-103,Dump Truck (60T),20.0,0.3,19.7
2026-09-22,Mine B,East Ridge,DR-01,Rotary Blast Drill,20.0,2.9,17.1
2026-09-22,Mine B,East Ridge,WL-01,Wheel Loader,20.0,1.3,18.7
2026-09-22,Mine B,Deep West,EX-01,Hydraulic Excavator,20.0,0.2,19.8
2026-09-22,Mine B,Deep West,EX-02,Hydraulic Excavator,20.0,4.6,15.4
2026-09-22,Mine B,Deep West,DT-101,Dump Truck (60T),20.0,1.0,19.0
2026-09-22,Mine B,Deep West,DT-102,Dump Truck (60T),20.0,0.1,19.9
2026-09-22,Mine B,Deep West,DT-103,Dump Truck (60T),20.0,1.4,18.6
2026-09-22,Mine B,Deep West,DR-01,Rotary Blast Drill,20.0,0.4,19.6
2026-09-22,Mine B,Deep West,WL-01,Wheel Loader,20.0,2.3,17.7
2026-09-23,Mine A,North Block,EX-01,Hydraulic Excavator,20.0,10.4,9.6
2026-09-23,Mine A,North Block,EX-02,Hydraulic Excavator,20.0,6.4,13.6
2026-09-23,Mine A,North Block,DT-101,Dump Truck (60T),20.0,5.3,14.7
2026-09-23,Mine A,North Block,DT-102,Dump Truck (60T),20.0,9.1,10.9
2026-09-23,Mine A,North Block,DT-103,Dump Truck (60T),20.0,5.9,14.1
2026-09-23,Mine A,North Block,DR-01,Rotary Blast Drill,20.0,4.3,15.7
2026-09-23,Mine A,North Block,WL-01,Wheel Loader,20.0,5.4,14.6
2026-09-23,Mine A,South Pit,EX-01,Hydraulic Excavator,20.0,1.1,18.9
2026-09-23,Mine A,South Pit,EX-02,Hydraulic Excavator,20.0,0.1,19.9
2026-09-23,Mine A,South Pit,DT-101,Dump Truck (60T),20.0,0.8,19.2
2026-09-23,Mine A,South Pit,DT-102,Dump Truck (60T),20.0,2.7,17.3
2026-09-23,Mine A,South Pit,DT-103,Dump Truck (60T),20.0,2.7,17.3
2026-09-23,Mine A,South Pit,DR-01,Rotary Blast Drill,20.0,0.1,19.9
2026-09-23,Mine A,South Pit,WL-01,Wheel Loader,20.0,0.1,19.9
2026-09-23,Mine B,East Ridge,EX-01,Hydraulic Excavator,20.0,0.4,19.6
2026-09-23,Mine B,East Ridge,EX-02,Hydraulic Excavator,20.0,2.9,17.1
2026-09-23,Mine B,East Ridge,DT-101,Dump Truck (60T),20.0,0.2,19.8
2026-09-23,Mine B,East Ridge,DT-102,Dump Truck (60T),20.0,1.8,18.2
2026-09-23,Mine B,East Ridge,DT-103,Dump Truck (60T),20.0,0.1,19.9
2026-09-23,Mine B,East Ridge,DR-01,Rotary Blast Drill,20.0,1.4,18.6
2026-09-23,Mine B,East Ridge,WL-01,Wheel Loader,20.0,0.6,19.4
2026-09-23,Mine B,Deep West,EX-01,Hydraulic Excavator,20.0,2.2,17.8
2026-09-23,Mine B,Deep West,EX-02,Hydraulic Excavator,20.0,0.4,19.6
2026-09-23,Mine B,Deep West,DT-101,Dump Truck (60T),20.0,1.4,18.6
2026-09-23,Mine B,Deep West,DT-102,Dump Truck (60T),20.0,0.4,19.6
2026-09-23,Mine B,Deep West,DT-103,Dump Truck (60T),20.0,1.8,18.2
2026-09-23,Mine B,Deep West,DR-01,Rotary Blast Drill,20.0,2.9,17.1
2026-09-23,Mine B,Deep West,WL-01,Wheel Loader,20.0,0.2,19.8
2026-09-24,Mine A,North Block,EX-01,Hydraulic Excavator,20.0,10.5,9.5
2026-09-24,Mine A,North Block,EX-02,Hydraulic Excavator,20.0,5.5,14.5
2026-09-24,Mine A,North Block,DT-101,Dump Truck (60T),20.0,4.3,15.7
2026-09-24,Mine A,North Block,DT-102,Dump Truck (60T),20.0,9.0,11.0
2026-09-24,Mine A,North Block,DT-103,Dump Truck (60T),20.0,4.4,15.6
2026-09-24,Mine A,North Block,DR-01,Rotary Blast Drill,20.0,5.8,14.2
2026-09-24,Mine A,North Block,WL-01,Wheel Loader,20.0,5.9,14.1
2026-09-24,Mine A,South Pit,EX-01,Hydraulic Excavator,20.0,0.2,19.8
2026-09-24,Mine A,South Pit,EX-02,Hydraulic Excavator,20.0,1.0,19.0
2026-09-24,Mine A,South Pit,DT-101,Dump Truck (60T),20.0,2.4,17.6
2026-09-24,Mine A,South Pit,DT-102,Dump Truck (60T),20.0,3.9,16.1
2026-09-24,Mine A,South Pit,DT-103,Dump Truck (60T),20.0,1.0,19.0
2026-09-24,Mine A,South Pit,DR-01,Rotary Blast Drill,20.0,4.2,15.8
2026-09-24,Mine A,South Pit,WL-01,Wheel Loader,20.0,1.1,18.9
2026-09-24,Mine B,East Ridge,EX-01,Hydraulic Excavator,20.0,0.7,19.3
2026-09-24,Mine B,East Ridge,EX-02,Hydraulic Excavator,20.0,2.6,17.4
2026-09-24,Mine B,East Ridge,DT-101,Dump Truck (60T),20.0,1.0,19.0
2026-09-24,Mine B,East Ridge,DT-102,Dump Truck (60T),20.0,0.9,19.1
2026-09-24,Mine B,East Ridge,DT-103,Dump Truck (60T),20.0,0.9,19.1
2026-09-24,Mine B,East Ridge,DR-01,Rotary Blast Drill,20.0,2.6,17.4
2026-09-24,Mine B,East Ridge,WL-01,Wheel Loader,20.0,2.5,17.5
2026-09-24,Mine B,Deep West,EX-01,Hydraulic Excavator,20.0,0.7,19.3
2026-09-24,Mine B,Deep West,EX-02,Hydraulic Excavator,20.0,0.6,19.4
2026-09-24,Mine B,Deep West,DT-101,Dump Truck (60T),20.0,0.9,19.1
2026-09-24,Mine B,Deep West,DT-102,Dump Truck (60T),20.0,1.2,18.8
2026-09-24,Mine B,Deep West,DT-103,Dump Truck (60T),20.0,0.4,19.6
2026-09-24,Mine B,Deep West,DR-01,Rotary Blast Drill,20.0,2.2,17.8
2026-09-24,Mine B,Deep West,WL-01,Wheel Loader,20.0,0.9,19.1
2026-09-25,Mine A,North Block,EX-01,Hydraulic Excavator,20.0,8.7,11.3
2026-09-25,Mine A,North Block,EX-02,Hydraulic Excavator,20.0,4.3,15.7
2026-09-25,Mine A,North Block,DT-101,Dump Truck (60T),20.0,4.6,15.4
2026-09-25,Mine A,North Block,DT-102,Dump Truck (60T),20.0,10.8,9.2
2026-09-25,Mine A,North Block,DT-103,Dump Truck (60T),20.0,4.8,15.2
2026-09-25,Mine A,North Block,DR-01,Rotary Blast Drill,20.0,4.4,15.6
2026-09-25,Mine A,North Block,WL-01,Wheel Loader,20.0,5.2,14.8
2026-09-25,Mine A,South Pit,EX-01,Hydraulic Excavator,20.0,0.5,19.5
2026-09-25,Mine A,South Pit,EX-02,Hydraulic Excavator,20.0,0.1,19.9
2026-09-25,Mine A,South Pit,DT-101,Dump Truck (60T),20.0,0.5,19.5
2026-09-25,Mine A,South Pit,DT-102,Dump Truck (60T),20.0,1.1,18.9
2026-09-25,Mine A,South Pit,DT-103,Dump Truck (60T),20.0,1.1,18.9
2026-09-25,Mine A,South Pit,DR-01,Rotary Blast Drill,20.0,0.6,19.4
2026-09-25,Mine A,South Pit,WL-01,Wheel Loader,20.0,0.8,19.2
2026-09-25,Mine B,East Ridge,EX-01,Hydraulic Excavator,20.0,4.7,15.3
2026-09-25,Mine B,East Ridge,EX-02,Hydraulic Excavator,20.0,0.7,19.3
2026-09-25,Mine B,East Ridge,DT-101,Dump Truck (60T),20.0,0.4,19.6
2026-09-25,Mine B,East Ridge,DT-102,Dump Truck (60T),20.0,0.4,19.6
2026-09-25,Mine B,East Ridge,DT-103,Dump Truck (60T),20.0,0.9,19.1
2026-09-25,Mine B,East Ridge,DR-01,Rotary Blast Drill,20.0,2.0,18.0
2026-09-25,Mine B,East Ridge,WL-01,Wheel Loader,20.0,0.3,19.7
2026-09-25,Mine B,Deep West,EX-01,Hydraulic Excavator,20.0,1.7,18.3
2026-09-25,Mine B,Deep West,EX-02,Hydraulic Excavator,20.0,0.0,20.0
2026-09-25,Mine B,Deep West,DT-101,Dump Truck (60T),20.0,0.8,19.2
2026-09-25,Mine B,Deep West,DT-102,Dump Truck (60T),20.0,2.1,17.9
2026-09-25,Mine B,Deep West,DT-103,Dump Truck (60T),20.0,0.6,19.4
2026-09-25,Mine B,Deep West,DR-01,Rotary Blast Drill,20.0,1.2,18.8
2026-09-25,Mine B,Deep West,WL-01,Wheel Loader,20.0,0.3,19.7
2026-09-26,Mine A,North Block,EX-01,Hydraulic Excavator,20.0,10.1,9.9
2026-09-26,Mine A,North Block,EX-02,Hydraulic Excavator,20.0,4.1,15.9
2026-09-26,Mine A,North Block,DT-101,Dump Truck (60T),20.0,6.1,13.9
2026-09-26,Mine A,North Block,DT-102,Dump Truck (60T),20.0,8.2,11.8
2026-09-26,Mine A,North Block,DT-103,Dump Truck (60T),20.0,6.2,13.8
2026-09-26,Mine A,North Block,DR-01,Rotary Blast Drill,20.0,4.9,15.1
2026-09-26,Mine A,North Block,WL-01,Wheel Loader,20.0,5.8,14.2
2026-09-26,Mine A,South Pit,EX-01,Hydraulic Excavator,20.0,0.5,19.5
2026-09-26,Mine A,South Pit,EX-02,Hydraulic Excavator,20.0,3.3,16.7
2026-09-26,Mine A,South Pit,DT-101,Dump Truck (60T),20.0,0.2,19.8
2026-09-26,Mine A,South Pit,DT-102,Dump Truck (60T),20.0,0.3,19.7
2026-09-26,Mine A,South Pit,DT-103,Dump Truck (60T),20.0,1.0,19.0
2026-09-26,Mine A,South Pit,DR-01,Rotary Blast Drill,20.0,0.1,19.9
2026-09-26,Mine A,South Pit,WL-01,Wheel Loader,20.0,0.3,19.7
2026-09-26,Mine B,East Ridge,EX-01,Hydraulic Excavator,20.0,4.0,16.0
2026-09-26,Mine B,East Ridge,EX-02,Hydraulic Excavator,20.0,5.3,14.7
2026-09-26,Mine B,East Ridge,DT-101,Dump Truck (60T),20.0,0.7,19.3
2026-09-26,Mine B,East Ridge,DT-102,Dump Truck (60T),20.0,3.6,16.4
2026-09-26,Mine B,East Ridge,DT-103,Dump Truck (60T),20.0,1.1,18.9
2026-09-26,Mine B,East Ridge,DR-01,Rotary Blast Drill,20.0,0.4,19.6
2026-09-26,Mine B,East Ridge,WL-01,Wheel Loader,20.0,1.7,18.3
2026-09-26,Mine B,Deep West,EX-01,Hydraulic Excavator,20.0,1.5,18.5
2026-09-26,Mine B,Deep West,EX-02,Hydraulic Excavator,20.0,6.3,13.7
2026-09-26,Mine B,Deep West,DT-101,Dump Truck (60T),20.0,0.4,19.6
2026-09-26,Mine B,Deep West,DT-102,Dump Truck (60T),20.0,1.6,18.4
2026-09-26,Mine B,Deep West,DT-103,Dump Truck (60T),20.0,0.1,19.9
2026-09-26,Mine B,Deep West,DR-01,Rotary Blast Drill,20.0,0.2,19.8
2026-09-26,Mine B,Deep West,WL-01,Wheel Loader,20.0,0.0,20.0
2026-09-27,Mine A,North Block,EX-01,Hydraulic Excavator,20.0,11.0,9.0
2026-09-27,Mine A,North Block,EX-02,Hydraulic Excavator,20.0,6.0,14.0
2026-09-27,Mine A,North Block,DT-101,Dump Truck (60T),20.0,6.0,14.0
2026-09-27,Mine A,North Block,DT-102,Dump Truck (60T),20.0,9.3,10.7
2026-09-27,Mine A,North Block,DT-103,Dump Truck (60T),20.0,4.8,15.2
2026-09-27,Mine A,North Block,DR-01,Rotary Blast Drill,20.0,4.4,15.6
2026-09-27,Mine A,North Block,WL-01,Wheel Loader,20.0,4.7,15.3
2026-09-27,Mine A,South Pit,EX-01,Hydraulic Excavator,20.0,0.7,19.3
2026-09-27,Mine A,South Pit,EX-02,Hydraulic Excavator,20.0,2.0,18.0
2026-09-27,Mine A,South Pit,DT-101,Dump Truck (60T),20.0,1.1,18.9
2026-09-27,Mine A,South Pit,DT-102,Dump Truck (60T),20.0,0.1,19.9
2026-09-27,Mine A,South Pit,DT-103,Dump Truck (60T),20.0,0.0,20.0
2026-09-27,Mine A,South Pit,DR-01,Rotary Blast Drill,20.0,0.2,19.8
2026-09-27,Mine A,South Pit,WL-01,Wheel Loader,20.0,0.7,19.3
2026-09-27,Mine B,East Ridge,EX-01,Hydraulic Excavator,20.0,3.8,16.2
2026-09-27,Mine B,East Ridge,EX-02,Hydraulic Excavator,20.0,1.4,18.6
2026-09-27,Mine B,East Ridge,DT-101,Dump Truck (60T),20.0,2.3,17.7
2026-09-27,Mine B,East Ridge,DT-102,Dump Truck (60T),20.0,0.9,19.1
2026-09-27,Mine B,East Ridge,DT-103,Dump Truck (60T),20.0,0.6,19.4
2026-09-27,Mine B,East Ridge,DR-01,Rotary Blast Drill,20.0,0.2,19.8
2026-09-27,Mine B,East Ridge,WL-01,Wheel Loader,20.0,2.9,17.1
2026-09-27,Mine B,Deep West,EX-01,Hydraulic Excavator,20.0,2.1,17.9
2026-09-27,Mine B,Deep West,EX-02,Hydraulic Excavator,20.0,0.3,19.7
2026-09-27,Mine B,Deep West,DT-101,Dump Truck (60T),20.0,1.0,19.0
2026-09-27,Mine B,Deep West,DT-102,Dump Truck (60T),20.0,0.9,19.1
2026-09-27,Mine B,Deep West,DT-103,Dump Truck (60T),20.0,1.4,18.6
2026-09-27,Mine B,Deep West,DR-01,Rotary Blast Drill,20.0,4.1,15.9
2026-09-27,Mine B,Deep West,WL-01,Wheel Loader,20.0,1.2,18.8
2026-09-28,Mine A,North Block,EX-01,Hydraulic Excavator,20.0,9.4,10.6
2026-09-28,Mine A,North Block,EX-02,Hydraulic Excavator,20.0,4.1,15.9
2026-09-28,Mine A,North Block,DT-101,Dump Truck (60T),20.0,4.2,15.8
2026-09-28,Mine A,North Block,DT-102,Dump Truck (60T),20.0,8.2,11.8
2026-09-28,Mine A,North Block,DT-103,Dump Truck (60T),20.0,4.1,15.9
2026-09-28,Mine A,North Block,DR-01,Rotary Blast Drill,20.0,5.9,14.1
2026-09-28,Mine A,North Block,WL-01,Wheel Loader,20.0,5.8,14.2
2026-09-28,Mine A,South Pit,EX-01,Hydraulic Excavator,20.0,0.2,19.8
2026-09-28,Mine A,South Pit,EX-02,Hydraulic Excavator,20.0,2.5,17.5
2026-09-28,Mine A,South Pit,DT-101,Dump Truck (60T),20.0,0.2,19.8
2026-09-28,Mine A,South Pit,DT-102,Dump Truck (60T),20.0,0.5,19.5
2026-09-28,Mine A,South Pit,DT-103,Dump Truck (60T),20.0,0.4,19.6
2026-09-28,Mine A,South Pit,DR-01,Rotary Blast Drill,20.0,0.7,19.3
2026-09-28,Mine A,South Pit,WL-01,Wheel Loader,20.0,0.4,19.6
2026-09-28,Mine B,East Ridge,EX-01,Hydraulic Excavator,20.0,0.9,19.1
2026-09-28,Mine B,East Ridge,EX-02,Hydraulic Excavator,20.0,0.7,19.3
2026-09-28,Mine B,East Ridge,DT-101,Dump Truck (60T),20.0,6.0,14.0
2026-09-28,Mine B,East Ridge,DT-102,Dump Truck (60T),20.0,0.1,19.9
2026-09-28,Mine B,East Ridge,DT-103,Dump Truck (60T),20.0,0.2,19.8
2026-09-28,Mine B,East Ridge,DR-01,Rotary Blast Drill,20.0,0.1,19.9
2026-09-28,Mine B,East Ridge,WL-01,Wheel Loader,20.0,1.4,18.6
2026-09-28,Mine B,Deep West,EX-01,Hydraulic Excavator,20.0,0.1,19.9
2026-09-28,Mine B,Deep West,EX-02,Hydraulic Excavator,20.0,2.5,17.5
2026-09-28,Mine B,Deep West,DT-101,Dump Truck (60T),20.0,1.0,19.0
2026-09-28,Mine B,Deep West,DT-102,Dump Truck (60T),20.0,1.0,19.0
2026-09-28,Mine B,Deep West,DT-103,Dump Truck (60T),20.0,1.2,18.8
2026-09-28,Mine B,Deep West,DR-01,Rotary Blast Drill,20.0,0.3,19.7
2026-09-28,Mine B,Deep West,WL-01,Wheel Loader,20.0,0.3,19.7
